Workbook

Sheet 条件付き書式メモ
A1: AND関数やOR関数はINDIRECT関数と組み合わせると不具合があるので使用しない、論理和や論理積を組み合わせた式にする
A3: 工程内検査シート
A5: $A$11:$A$460 | B5: =IF(XLOOKUP(INDIRECT(ADDRESS(ROW(),1)),検査項目設定!$A$4:$A$103,検査項目設定!$M$4:$M$103,FALSE,1)="あり",TRUE,FALSE)
B7: XLOOKUPの結果が"あり"なら
B8: TRUE、それ以外はFALSE | C8: IF(XLOOKUP(INDIRECT(ADDRESS(ROW(),1)),検査項目設定!$A$4:$A$103,検査項目設定!$M$4:$M$103,FALSE,1)="あり",TRUE,FALSE)
A11: $L$10:$TZ$10 | B11: =INDIRECT(ADDRESS(ROW(),COLUMN()))="NG"
B13: 値がNG | C13: INDIRECT(ADDRESS(ROW(),COLUMN()))="NG"
A16: $L$11:$TZ$460 | B16: =(INDIRECT(ADDRESS(ROW(),COLUMN()))="NG")+(ISNUMBER(INDIRECT(ADDRESS(ROW(),COLUMN())))*(INDIRECT("J"&ROW()-MOD(ROW()+1,3))<>"")
B17: *((INDIRECT("J"&ROW()-MOD(ROW()+1,3))<INDIRECT(ADDRESS(ROW(),COLUMN())))+(INDIRECT("J"&ROW()-MOD(ROW()+1,3)+1)>INDIRECT(ADDRESS(ROW(),COLUMN())))))
B19: 値がNG | C19: (INDIRECT(ADDRESS(ROW(),COLUMN()))="NG")
B20: または | C20: +
B21: セルが数値 | C21: (ISNUMBER(INDIRECT(ADDRESS(ROW(),COLUMN())))
B22: かつ | C22: *
B23: 3行ごとに区切った時の1番目のJ列が
B24: 空白でない | C24: (INDIRECT("J"&ROW()-MOD(ROW()+1,3))<>"")
B25: かつ | C25: *
B26: 1番目のJ列の値を超えている | C26: ((INDIRECT("J"&ROW()-MOD(ROW()+1,3))<INDIRECT(ADDRESS(ROW(),COLUMN())))
B27: または | C27: +
B28: 2番目のJ列の値未満 | C28: (INDIRECT("J"&ROW()-MOD(ROW()+1,3)+1)>INDIRECT(ADDRESS(ROW(),COLUMN())))))
A31: 検査表入力シート
A33: 全体 | B33: =(ROW()>=12)*(COLUMN()>=3)*((ISNUMBER(INDIRECT(ADDRESS(ROW(),COLUMN()))))*((INDIRECT(ADDRESS(11,COLUMN()))>=INDIRECT(ADDRESS(ROW(),COLUMN())))
B34: +(INDIRECT(ADDRESS(10,COLUMN()))<=INDIRECT(ADDRESS(ROW(),COLUMN()))))+(INDIRECT(ADDRESS(ROW(),COLUMN()))="NG"))
B35: 12行目以降 | C35: (ROW()>=12)
B36: かつ | C36: *
B37: C列以降 | C37: (COLUMN()>=3)
B38: かつ | C38: *
B39: 該当セルが数値 | C39: ((ISNUMBER(INDIRECT(ADDRESS(ROW(),COLUMN()))))
B40: かつ | C40: *
B41: 同じ列の11行目の値以下 | C41: ((INDIRECT(ADDRESS(11,COLUMN()))>=INDIRECT(ADDRESS(ROW(),COLUMN())))
B42: または | C42: +
B43: 同じ列の10行目の値以上 | C43: (INDIRECT(ADDRESS(10,COLUMN()))<=INDIRECT(ADDRESS(ROW(),COLUMN()))))
B44: または | C44: +
B45: 該当セルの値が"NG" | C45: (INDIRECT(ADDRESS(ROW(),COLUMN()))="NG"))
A48: 検査表
A50: 複数箇所 | B50: =(INDIRECT(ADDRESS(ROW()-2-INDIRECT("C"&ROW()),COLUMN()))>=INDIRECT(ADDRESS(ROW(),COLUMN())))+(INDIRECT(ADDRESS(ROW()-3-INDIRECT("C"&ROW()),COLUMN()))<=INDIRECT(ADDRESS(ROW(),COLUMN())))
B52: 同列の上限値のセルを参照し、 | C52: (INDIRECT(ADDRESS(ROW()-2-INDIRECT("C"&ROW()),COLUMN()))
B53: そのセルの値以下 | C53: >=INDIRECT(ADDRESS(ROW(),COLUMN())))
B54: または | C54: +
B55: 同列の下限値のセルを参照し、 | C55: (INDIRECT(ADDRESS(ROW()-3-INDIRECT("C"&ROW()),COLUMN()))
B56: そのセルの値以上 | C56: <=INDIRECT(ADDRESS(ROW(),COLUMN())))

Sheet 集計1
B1: =COUNTA(B2:B101) -> 38 | N1: 1 | O1: {=IFERROR(IF(検査項目設定!B4:B103="","",検査項目設定!B4:B103),"")} -> 外径 | P1: {=IF($O1:$O100="","",IF(_xlfn.XLOOKUP($N$1:$N$100,検査項目設定!$A$4:$A$103,検査項目設定!C$4:C$103,"",0,1)="","",_xlfn.XLOOKUP($N$1:$N$100,検査項目設定!$A$4:$A$103,検査項目設定!C$4:C$103,"",0,1)))} | Q1: {=IF($O1:$O100="","",IF(_xlfn.XLOOKUP($N$1:$N$100,検査項目設定!$A$4:$A$103,検査項目設定!D$4:D$103,"",0,1)="","",_xlfn.XLOOKUP($N$1:$N$100,検査項目設定!$A$4:$A$103,検査項目設定!D$4:D$103,"",0,1)))} -> ﾃﾞｼﾞﾀﾙﾏｲｸﾛﾒｰﾀ | R1: {=IF($O1:$O100="","",IF(_xlfn.XLOOKUP($N$1:$N$100,検査項目設定!$A$4:$A$103,検査項目設定!E$4:E$103,"",0,1)="","",_xlfn.XLOOKUP($N$1:$N$100,検査項目設定!$A$4:$A$103,検査項目設定!E$4:E$103,"",0,1)))} -> φ | S1: {=IF($O1:$O100="","",IF(_xlfn.XLOOKUP($N$1:$N$100,検査項目設定!$A$4:$A$103,検査項目設定!F$4:F$103,"",0,1)="","",_xlfn.XLOOKUP($N$1:$N$100,検査項目設定!$A$4:$A$103,検査項目設定!F$4:F$103,"",0,1)))} -> 20.8 | T1: {=IF($O1:$O100="","",IF(_xlfn.XLOOKUP($N$1:$N$100,検査項目設定!$A$4:$A$103,検査項目設定!G$4:G$103,"",0,1)="","",_xlfn.XLOOKUP($N$1:$N$100,検査項目設定!$A$4:$A$103,検査項目設定!G$4:G$103,"",0,1)))} | U1: {=IF($O1:$O100="","",IF(_xlfn.XLOOKUP($N$1:$N$100,検査項目設定!$A$4:$A$103,検査項目設定!H$4:H$103,"",0,1)="","",_xlfn.XLOOKUP($N$1:$N$100,検査項目設定!$A$4:$A$103,検査項目設定!H$4:H$103,"",0,1)))} -> +0.1 | V1: {=IF($O1:$O100="","",IF(_xlfn.XLOOKUP($N$1:$N$100,検査項目設定!$A$4:$A$103,検査項目設定!I$4:I$103,"",0,1)="","",_xlfn.XLOOKUP($N$1:$N$100,検査項目設定!$A$4:$A$103,検査項目設定!I$4:I$103,"",0,1)))} -> -0.1 | W1: {=IF($O1:$O100="","",IF(_xlfn.XLOOKUP($N$1:$N$100,検査項目設定!$A$4:$A$103,検査項目設定!J$4:J$103,"",0,1)="","",_xlfn.XLOOKUP($N$1:$N$100,検査項目設定!$A$4:$A$103,検査項目設定!J$4:J$103,"",0,1)))} -> 片側 | ... Y1: {=IF($O1:$O100="","",IF(_xlfn.XLOOKUP($N$1:$N$100,検査項目設定!$A$4:$A$103,検査項目設定!L$4:L$103,"",0,1)="","",_xlfn.XLOOKUP($N$1:$N$100,検査項目設定!$A$4:$A$103,検査項目設定!L$4:L$103,"",0,1)))}
A2: {=_xlfn._xlws.FILTER($N$1:$Y$100,$O$1:$O$100<>"")} -> 1 | B2: 外径 | D2: ﾃﾞｼﾞﾀﾙﾏｲｸﾛﾒｰﾀ | E2: φ | F2: 20.8 | H2: +0.1 | I2: -0.1 | J2: 片側 | K2: 1 | M2: {=IF(F2:F101="","",IF(E2:E101="°",F2:F101&" "&E2:E101&" "&G2:G101,E2:E101&" "&F2:F101&" "&G2:G101))} -> φ 20.8 | N2: 2 | O2: 外径 | Q2: ﾃﾞｼﾞﾀﾙﾏｲｸﾛﾒｰﾀ | R2: φ | S2: 18.98 | U2: +0.01 | V2: -0.01 | W2: 片側 | X2: 1
A3: 2 | B3: 外径 | D3: ﾃﾞｼﾞﾀﾙﾏｲｸﾛﾒｰﾀ | E3: φ | F3: 18.98 | H3: +0.01 | I3: -0.01 | J3: 片側 | K3: 1 | M3: φ 18.98 | N3: 3 | O3: 外径 | Q3: ﾃﾞｼﾞﾀﾙﾏｲｸﾛﾒｰﾀ | R3: φ | S3: 18.5 | U3: +0.2 | V3: -0.2 | W3: 片側 | X3: 1
A4: 3 | B4: 外径 | D4: ﾃﾞｼﾞﾀﾙﾏｲｸﾛﾒｰﾀ | E4: φ | F4: 18.5 | H4: +0.2 | I4: -0.2 | J4: 片側 | K4: 1 | M4: φ 18.5 | N4: 4 | O4: ﾂﾊﾞ厚 | Q4: ﾃﾞｼﾞﾀﾙﾏｲｸﾛﾒｰﾀ | S4: 4.5 | U4: +0.1 | V4: -0.1 | W4: 片側 | X4: 1
A5: 4 | B5: ﾂﾊﾞ厚 | D5: ﾃﾞｼﾞﾀﾙﾏｲｸﾛﾒｰﾀ | F5: 4.5 | H5: +0.1 | I5: -0.1 | J5: 片側 | K5: 1 | M5: 4.5 | N5: 5 | O5: 長手 | Q5: ﾃﾞｼﾞﾀﾙﾀﾞｲﾔﾙｹﾞｰｼﾞ | S5: 1.6 | U5: +0.1 | V5: -0.1 | W5: 片側 | X5: 1
A6: 5 | B6: 長手 | D6: ﾃﾞｼﾞﾀﾙﾀﾞｲﾔﾙｹﾞｰｼﾞ | F6: 1.6 | H6: +0.1 | I6: -0.1 | J6: 片側 | K6: 1 | M6: 1.6 | N6: 6 | O6: 内長手 | P6: (計算) | Q6: ﾃﾞｼﾞﾀﾙﾀﾞｲﾔﾙｹﾞｰｼﾞ | S6: 11.5 | U6: +0.02 | V6: -0.02 | W6: 片側 | X6: 1
A7: 6 | B7: 内長手 | C7: (計算) | D7: ﾃﾞｼﾞﾀﾙﾀﾞｲﾔﾙｹﾞｰｼﾞ | F7: 11.5 | H7: +0.02 | I7: -0.02 | J7: 片側 | K7: 1 | M7: 11.5 | N7: 7 | O7: 内長手 | Q7: ﾃﾞｼﾞﾀﾙﾀﾞｲﾔﾙｹﾞｰｼﾞ | R7: ( | S7: 6.01 | T7: ) | U7: +1 | V7: -1 | W7: 片側 | X7: 1
A8: 7 | B8: 内長手 | D8: ﾃﾞｼﾞﾀﾙﾀﾞｲﾔﾙｹﾞｰｼﾞ | E8: ( | F8: 6.01 | G8: ) | H8: +1 | I8: -1 | J8: 片側 | K8: 1 | M8: ( 6.01 ) | N8: 8 | O8: 内長手 | Q8: ﾃﾞｼﾞﾀﾙﾀﾞｲﾔﾙｹﾞｰｼﾞ | S8: 1.0 | U8: +0.1 | V8: -0.1 | W8: 片側 | X8: 1
A9: 8 | B9: 内長手 | D9: ﾃﾞｼﾞﾀﾙﾀﾞｲﾔﾙｹﾞｰｼﾞ | F9: 1.0 | H9: +0.1 | I9: -0.1 | J9: 片側 | K9: 1 | M9: 1.0 | N9: 9 | O9: 内長手 | Q9: ﾃﾞｼﾞﾀﾙﾀﾞｲﾔﾙｹﾞｰｼﾞ | S9: 4.6 | U9: +0.1 | V9: -0.1 | W9: 片側 | X9: 1
A10: 9 | B10: 内長手 | D10: ﾃﾞｼﾞﾀﾙﾀﾞｲﾔﾙｹﾞｰｼﾞ | F10: 4.6 | H10: +0.1 | I10: -0.1 | J10: 片側 | K10: 1 | M10: 4.6 | N10: 10 | O10: ｸﾛｽ穴位置 | Q10: 工具顕微鏡 | S10: 2.5 | U10: +0.1 | V10: -0.1 | W10: 片側 | X10: 1
A11: 10 | B11: ｸﾛｽ穴位置 | D11: 工具顕微鏡 | F11: 2.5 | H11: +0.1 | I11: -0.1 | J11: 片側 | K11: 1 | M11: 2.5 | N11: 11 | O11: V溝位置 | Q11: 工具顕微鏡 | S11: 2.0 | U11: +0.1 | V11: -0.1 | W11: 片側 | X11: 1
A12: 11 | B12: V溝位置 | D12: 工具顕微鏡 | F12: 2.0 | H12: +0.1 | I12: -0.1 | J12: 片側 | K12: 1 | M12: 2.0 | N12: 12 | O12: V溝幅 | Q12: 工具顕微鏡 | S12: 1.0 | U12: +0.1 | V12: -0.1 | W12: 片側 | X12: 1
A13: 12 | B13: V溝幅 | D13: 工具顕微鏡 | F13: 1.0 | H13: +0.1 | I13: -0.1 | J13: 片側 | K13: 1 | M13: 1.0 | N13: 13 | O13: V溝角度 | Q13: 工具顕微鏡 | S13: 60 | T13: ° | U13: +1 | V13: -1 | W13: 片側 | X13: 1
A14: 13 | B14: V溝角度 | D14: 工具顕微鏡 | F14: 60 | G14: ° | H14: +1 | I14: -1 | J14: 片側 | K14: 1 | M14: 60 ° | N14: 14 | O14: ﾃｰﾊﾟｰ | Q14: 工具顕微鏡 | S14: 33 | T14: ° | U14: +1 | V14: -1 | W14: 片側 | X14: 1
A15: 14 | B15: ﾃｰﾊﾟｰ | D15: 工具顕微鏡 | F15: 33 | G15: ° | H15: +1 | I15: -1 | J15: 片側 | K15: 1 | M15: 33 ° | N15: 15 | O15: C面取り | P15: (φ18.98) | Q15: 工具顕微鏡 | R15: C | S15: 0.1 | U15: +0.1 | V15: -0.1 | W15: 片側 | X15: 1
A16: 15 | B16: C面取り | C16: (φ18.98) | D16: 工具顕微鏡 | E16: C | F16: 0.1 | H16: +0.1 | I16: -0.1 | J16: 片側 | K16: 1 | M16: C 0.1 | N16: 16 | O16: C内面取り | P16: (φ18.2) | Q16: 工具顕微鏡 | R16: C | S16: 0.1 | U16: +0.1 | V16: -0.1 | W16: 片側 | X16: 1
A17: 16 | B17: C内面取り | C17: (φ18.2) | D17: 工具顕微鏡 | E17: C | F17: 0.1 | H17: +0.1 | I17: -0.1 | J17: 片側 | K17: 1 | M17: C 0.1 | N17: 17 | O17: 指示なき角部 | Q17: 工具顕微鏡 | R17: C or R | S17: 0.2 | U17: +0.1 | V17: -0.1 | W17: 片側 | X17: 1
A18: 17 | B18: 指示なき角部 | D18: 工具顕微鏡 | E18: C or R | F18: 0.2 | H18: +0.1 | I18: -0.1 | J18: 片側 | K18: 1 | M18: C or R 0.2 | N18: 18 | O18: 隅R | P18: (φ18.98) | Q18: 形状測定機 | R18: R | S18: 0.2 | T18: 以下 | U18: 0 | V18: -0.2 | W18: 片側 | X18: 1
A19: 18 | B19: 隅R | C19: (φ18.98) | D19: 形状測定機 | E19: R | F19: 0.2 | G19: 以下 | H19: 0 | I19: -0.2 | J19: 片側 | K19: 1 | M19: R 0.2 以下 | N19: 19 | O19: 内径角R | P19: (φ13.0右側) | Q19: 形状測定機 | R19: R | S19: 1.0 | U19: +0.1 | V19: -0.1 | W19: 片側 | X19: 1
A20: 19 | B20: 内径角R | C20: (φ13.0右側) | D20: 形状測定機 | E20: R | F20: 1.0 | H20: +0.1 | I20: -0.1 | J20: 片側 | K20: 1 | M20: R 1.0 | N20: 20 | O20: 内ﾃｰﾊﾟｰ | Q20: 形状測定機 | S20: 120 | T20: ° | U20: +1 | V20: -1 | W20: 片側 | X20: 1
A21: 20 | B21: 内ﾃｰﾊﾟｰ | D21: 形状測定機 | F21: 120 | G21: ° | H21: +1 | I21: -1 | J21: 片側 | K21: 1 | M21: 120 ° | N21: 21 | O21: 粗さ | P21: (120°) | Q21: 形状測定機 | R21: Rmax | S21: 6.3 | U21: 0 | V21: -6.3 | W21: 片側 | X21: 1
A22: 21 | B22: 粗さ | C22: (120°) | D22: 形状測定機 | E22: Rmax | F22: 6.3 | H22: 0 | I22: -6.3 | J22: 片側 | K22: 1 | M22: Rmax 6.3 | N22: 22 | O22: 内径角R | P22: (φ13.0左側) | Q22: 形状測定機 | R22: R | S22: 0.05 | U22: +0.05 | V22: -0.05 | W22: 片側 | X22: 1
A23: 22 | B23: 内径角R | C23: (φ13.0左側) | D23: 形状測定機 | E23: R | F23: 0.05 | H23: +0.05 | I23: -0.05 | J23: 片側 | K23: 1 | M23: R 0.05 | N23: 23 | O23: 内長手 | P23: (架空点) | Q23: 形状測定機 | S23: 1.0 | U23: +0.025 | V23: -0.025 | W23: 片側 | X23: 1
A24: 23 | B24: 内長手 | C24: (架空点) | D24: 形状測定機 | F24: 1.0 | H24: +0.025 | I24: -0.025 | J24: 片側 | K24: 1 | M24: 1.0 | N24: 24 | O24: 粗さ | P24: (端面) | Q24: 形状測定機 | R24: Rmax | S24: 6.3 | U24: 0 | V24: -6.3 | W24: 片側 | X24: 1
A25: 24 | B25: 粗さ | C25: (端面) | D25: 形状測定機 | E25: Rmax | F25: 6.3 | H25: 0 | I25: -6.3 | J25: 片側 | K25: 1 | M25: Rmax 6.3 | N25: 25 | O25: 粗さ | P25: (φ13.0) | Q25: 形状測定機 | R25: Rmax | S25: 6.3 | U25: 0 | V25: -6.3 | W25: 片側 | X25: 1
A26: 25 | B26: 粗さ | C26: (φ13.0) | D26: 形状測定機 | E26: Rmax | F26: 6.3 | H26: 0 | I26: -6.3 | J26: 片側 | K26: 1 | M26: Rmax 6.3 | N26: 26 | O26: 全体粗さ | Q26: 形状測定機 | R26: Rmax | S26: 12.5 | U26: 0 | V26: -12.5 | W26: 片側 | X26: 1
A27: 26 | B27: 全体粗さ | D27: 形状測定機 | E27: Rmax | F27: 12.5 | H27: 0 | I27: -12.5 | J27: 片側 | K27: 1 | M27: Rmax 12.5 | N27: 27 | O27: 指示なき隅部 | Q27: 工具顕微鏡 | R27: C or R | S27: 0.2 | U27: +0.1 | V27: -0.1 | W27: 片側 | X27: 1
A28: 27 | B28: 指示なき隅部 | D28: 工具顕微鏡 | E28: C or R | F28: 0.2 | H28: +0.1 | I28: -0.1 | J28: 片側 | K28: 1 | M28: C or R 0.2 | N28: 28 | O28: 内径 | P28: (ｶｯﾄなし品) | Q28: ﾎﾞﾜｰｽﾞﾏｲｸﾛ | R28: φ | S28: 17.5 | U28: +0.1 | V28: -0.1 | W28: 片側 | X28: 1
A29: 28 | B29: 内径 | C29: (ｶｯﾄなし品) | D29: ﾎﾞﾜｰｽﾞﾏｲｸﾛ | E29: φ | F29: 17.5 | H29: +0.1 | I29: -0.1 | J29: 片側 | K29: 1 | M29: φ 17.5 | N29: 29 | O29: 内径 | Q29: ﾎﾞﾜｰｽﾞﾏｲｸﾛ | R29: φ | S29: 18.2 | U29: +0.1 | V29: -0.1 | W29: 片側 | X29: 1
A30: 29 | B30: 内径 | D30: ﾎﾞﾜｰｽﾞﾏｲｸﾛ | E30: φ | F30: 18.2 | H30: +0.1 | I30: -0.1 | J30: 片側 | K30: 1 | M30: φ 18.2 | N30: 30 | O30: 内径 | P30: (狙い値15.9) | Q30: ﾎﾞﾜｰｽﾞﾏｲｸﾛ | R30: φ | S30: 15.9 | U30: +0.025 | V30: -0.02 | W30: 片側 | X30: 1
A31: 30 | B31: 内径 | C31: (狙い値15.9) | D31: ﾎﾞﾜｰｽﾞﾏｲｸﾛ | E31: φ | F31: 15.9 | H31: +0.025 | I31: -0.02 | J31: 片側 | K31: 1 | M31: φ 15.9 | N31: 31 | O31: 内径 | Q31: ﾎﾞﾜｰｽﾞﾏｲｸﾛ | R31: φ | S31: 13.0 | U31: +0.05 | V31: 0 | W31: 片側 | X31: 1
A32: 31 | B32: 内径 | D32: ﾎﾞﾜｰｽﾞﾏｲｸﾛ | E32: φ | F32: 13.0 | H32: +0.05 | I32: 0 | J32: 片側 | K32: 1 | M32: φ 13.0 | N32: 32 | O32: ｸﾛｽ穴 | Q32: ﾋﾟﾝｹﾞｰｼﾞ | R32: φ | S32: 0.6 | U32: +0.05 | V32: -0.05 | W32: 片側 | X32: 1
A33: 32 | B33: ｸﾛｽ穴 | D33: ﾋﾟﾝｹﾞｰｼﾞ | E33: φ | F33: 0.6 | H33: +0.05 | I33: -0.05 | J33: 片側 | K33: 1 | M33: φ 0.6 | N33: 33 | O33: 円筒度 | P33: (φ18.98) | Q33: 真円度測定機 | S33: 0.02 | U33: 0 | V33: -0.02 | W33: 片側 | X33: 1
A34: 33 | B34: 円筒度 | C34: (φ18.98) | D34: 真円度測定機 | F34: 0.02 | H34: 0 | I34: -0.02 | J34: 片側 | K34: 1 | M34: 0.02 | N34: 34 | O34: 真円度 | P34: (φ13.0) | Q34: 真円度測定機 | S34: 0.02 | U34: 0 | V34: -0.02 | W34: 片側 | X34: 1
A35: 34 | B35: 真円度 | C35: (φ13.0) | D35: 真円度測定機 | F35: 0.02 | H35: 0 | I35: -0.02 | J35: 片側 | K35: 1 | M35: 0.02 | N35: 35 | O35: 同軸度 | P35: (φ13.0/A) | Q35: 真円度測定機 | R35: φ | S35: 0.02 | U35: 0 | V35: -0.02 | W35: 片側 | X35: 1
A36: 35 | B36: 同軸度 | C36: (φ13.0/A) | D36: 真円度測定機 | E36: φ | F36: 0.02 | H36: 0 | I36: -0.02 | J36: 片側 | K36: 1 | M36: φ 0.02 | N36: 36 | O36: 平面度 | P36: (長手1.6) | Q36: 真円度測定機 | S36: 0.02 | U36: 0 | V36: -0.02 | W36: 片側 | X36: 1
A37: 36 | B37: 平面度 | C37: (長手1.6) | D37: 真円度測定機 | F37: 0.02 | H37: 0 | I37: -0.02 | J37: 片側 | K37: 1 | M37: 0.02 | N37: 37 | O37: 直角度 | P37: (長手1.6/A) | Q37: 真円度測定機 | S37: 0.02 | U37: 0 | V37: -0.02 | W37: 片側 | X37: 1
A38: 37 | B38: 直角度 | C38: (長手1.6/A) | D38: 真円度測定機 | F38: 0.02 | H38: 0 | I38: -0.02 | J38: 片側 | K38: 1 | M38: 0.02 | N38: 38 | O38: 振れ | P38: (120°/A) | Q38: 真円度測定機 | S38: 0.02 | U38: 0 | V38: -0.02 | W38: 片側 | X38: 1
A39: 38 | B39: 振れ | C39: (120°/A) | D39: 真円度測定機 | F39: 0.02 | H39: 0 | I39: -0.02 | J39: 片側 | K39: 1 | M39: 0.02 | N39: 39
N40: 40
N41: 41
N42: 42
N43: 43
N44: 44
N45: 45
N46: 46
N47: 47
N48: 48
N49: 49
N50: 50
N51: 51
... N100: 100

Sheet 集計2
A1: {=_xlfn._xlws.FILTER($N$1:$Y$100,$O$1:$O$100<>"")} -> #VALUE! | M1: {=IF(F1:F100="","",IF(E1:E100="°",F1:F100&" "&E1:E100&" "&G1:G100,E1:E100&" "&F1:F100&" "&G1:G100))} | N1: 1 | O1: {=IFERROR(IF((検査項目設定!B4:B103="")+(検査項目設定!L4:L103<>TRUE),"",検査項目設定!B4:B103),"")} | P1: {=IF($O1:$O100="","",IF(_xlfn.XLOOKUP($N$1:$N$100,検査項目設定!$A$4:$A$103,検査項目設定!C$4:C$103,"",0,1)="","",_xlfn.XLOOKUP($N$1:$N$100,検査項目設定!$A$4:$A$103,検査項目設定!C$4:C$103,"",0,1)))} | Q1: {=IF($O1:$O100="","",IF(_xlfn.XLOOKUP($N$1:$N$100,検査項目設定!$A$4:$A$103,検査項目設定!D$4:D$103,"",0,1)="","",_xlfn.XLOOKUP($N$1:$N$100,検査項目設定!$A$4:$A$103,検査項目設定!D$4:D$103,"",0,1)))} | R1: {=IF($O1:$O100="","",IF(_xlfn.XLOOKUP($N$1:$N$100,検査項目設定!$A$4:$A$103,検査項目設定!E$4:E$103,"",0,1)="","",_xlfn.XLOOKUP($N$1:$N$100,検査項目設定!$A$4:$A$103,検査項目設定!E$4:E$103,"",0,1)))} | S1: {=IF($O1:$O100="","",IF(_xlfn.XLOOKUP($N$1:$N$100,検査項目設定!$A$4:$A$103,検査項目設定!F$4:F$103,"",0,1)="","",_xlfn.XLOOKUP($N$1:$N$100,検査項目設定!$A$4:$A$103,検査項目設定!F$4:F$103,"",0,1)))} | T1: {=IF($O1:$O100="","",IF(_xlfn.XLOOKUP($N$1:$N$100,検査項目設定!$A$4:$A$103,検査項目設定!G$4:G$103,"",0,1)="","",_xlfn.XLOOKUP($N$1:$N$100,検査項目設定!$A$4:$A$103,検査項目設定!G$4:G$103,"",0,1)))} | U1: {=IF($O1:$O100="","",IF(_xlfn.XLOOKUP($N$1:$N$100,検査項目設定!$A$4:$A$103,検査項目設定!H$4:H$103,"",0,1)="","",_xlfn.XLOOKUP($N$1:$N$100,検査項目設定!$A$4:$A$103,検査項目設定!H$4:H$103,"",0,1)))} | V1: {=IF($O1:$O100="","",IF(_xlfn.XLOOKUP($N$1:$N$100,検査項目設定!$A$4:$A$103,検査項目設定!I$4:I$103,"",0,1)="","",_xlfn.XLOOKUP($N$1:$N$100,検査項目設定!$A$4:$A$103,検査項目設定!I$4:I$103,"",0,1)))} | W1: {=IF($O1:$O100="","",IF(_xlfn.XLOOKUP($N$1:$N$100,検査項目設定!$A$4:$A$103,検査項目設定!J$4:J$103,"",0,1)="","",_xlfn.XLOOKUP($N$1:$N$100,検査項目設定!$A$4:$A$103,検査項目設定!J$4:J$103,"",0,1)))} | ... Y1: {=IF($O1:$O100="","",IF(_xlfn.XLOOKUP($N$1:$N$100,検査項目設定!$A$4:$A$103,検査項目設定!L$4:L$103,"",0,1)="","",_xlfn.XLOOKUP($N$1:$N$100,検査項目設定!$A$4:$A$103,検査項目設定!L$4:L$103,"",0,1)))}
N2: 2
N3: 3
N4: 4
N5: 5
N6: 6
N7: 7
N8: 8
N9: 9
N10: 10
N11: 11
N12: 12
N13: 13
... N100: 100

Sheet 集計3
A1: =検査表!AV8 -> D-2
C2: 1 | D2: 2 | E2: 3 | F2: 4 | G2: 5 | H2: 6 | I2: 7 | J2: 8 | K2: 9 | L2: 10 | M2: 11 | N2: 12 | O2: 13 | P2: 14 | Q2: 15 | R2: 16 | S2: 17 | T2: 18 | U2: 19 | V2: 20 | W2: 21 | X2: 22 | Y2: 23 | Z2: 24 | AA2: 25 | AB2: 26 | AC2: 27 | AD2: 28 | AE2: 29 | AF2: 30 | AG2: 31 | AH2: 32 | AI2: 33 | AJ2: 34 | AK2: 35 | AL2: 36 | AM2: 37 | AN2: 38 | AO2: 39 | AP2: 40 | AQ2: 41 | AR2: 42 | AS2: 43 | AT2: 44 | AU2: 45 | AV2: 46 | AW2: 47 | AX2: 48 | AY2: 49 | AZ2: 50 | BA2: 51 | BB2: 52 | BC2: 53 | BD2: 54 | BE2: 55 | BF2: 56 | BG2: 57 | BH2: 58 | BI2: 59 | BJ2: 60 | BK2: 61 | BL2: 62 | BM2: 63 | BN2: 64 | BO2: 65 | BP2: 66 | BQ2: 67 | BR2: 68 | BS2: 69 | BT2: 70 | BU2: 71 | BV2: 72 | BW2: 73 | BX2: 74 | BY2: 75 | BZ2: 76 | CA2: 77 | CB2: 78 | CC2: 79 | CD2: 80 | CE2: 81 | CF2: 82 | CG2: 83 | CH2: 84 | CI2: 85 | CJ2: 86 | CK2: 87 | CL2: 88 | CM2: 89 | CN2: 90 | CO2: 91 | CP2: 92 | CQ2: 93 | CR2: 94 | CS2: 95 | CT2: 96 | CU2: 97 | CV2: 98 | CW2: 99 | CX2: 100
A3: =IF(検査表!AV6="","",検査表!AV6) | B3: {=_xlfn.XLOOKUP(A3,_xlfn._xlws.FILTER(INDIRECT("'"&$A$1&"'!$B$12:$B$8196"),MOD(ROW(INDIRECT("'"&$A$1&"'!$B$12:$B$8196")),3)=0,1),_xlfn._xlws.FILTER(ROW(INDIRECT("'"&$A$1&"'!$B$12:$B$8196")),MOD(ROW(INDIRECT("'"&$A$1&"'!$B$12:$B$8196")),3)=0,1),"",0,1)} | C3: {=IFERROR(IF(検査表!AV7<1,"",_xlfn._xlws.FILTER(INDIRECT("'"&$A$1&"'!$C$"&$B3&":$CX$"&$B3),INDIRECT("'"&$A$1&"'!$C$2:$CX$2")<>"")),"")}
A4: {=IFERROR(IF(INDIRECT("'"&$A$1&"'!"&ADDRESS(B4,2))="","",INDIRECT("'"&$A$1&"'!"&ADDRESS(B4,2))),"")} | B4: =IFERROR(B3+1,"") | C4: {=IFERROR(IF(検査表!AV7<2,"",_xlfn._xlws.FILTER(INDIRECT("'"&$A$1&"'!$C$"&$B4&":$CX$"&$B4),INDIRECT("'"&$A$1&"'!$C$2:$CX$2")<>"")),"")}
A5: {=IFERROR(IF(INDIRECT("'"&$A$1&"'!"&ADDRESS(B4,1))="","",INDIRECT("'"&$A$1&"'!"&ADDRESS(B4,1))),"")} | B5: =IFERROR(B3+2,"") | C5: {=IFERROR(IF(検査表!AV7<3,"",_xlfn._xlws.FILTER(INDIRECT("'"&$A$1&"'!$C$"&$B5&":$CX$"&$B5),INDIRECT("'"&$A$1&"'!$C$2:$CX$2")<>"")),"")}
A6: =IF(検査表!AW6="","",検査表!AW6) | B6: {=_xlfn.XLOOKUP(A6,_xlfn._xlws.FILTER(INDIRECT("'"&$A$1&"'!$B$12:$B$8196"),MOD(ROW(INDIRECT("'"&$A$1&"'!$B$12:$B$8196")),3)=0,1),_xlfn._xlws.FILTER(ROW(INDIRECT("'"&$A$1&"'!$B$12:$B$8196")),MOD(ROW(INDIRECT("'"&$A$1&"'!$B$12:$B$8196")),3)=0,1),"",0,1)} | C6: {=IFERROR(IF(検査表!AW7<1,"",_xlfn._xlws.FILTER(INDIRECT("'"&$A$1&"'!$C$"&$B6&":$CX$"&$B6),INDIRECT("'"&$A$1&"'!$C$2:$CX$2")<>"")),"")}
A7: {=IFERROR(IF(INDIRECT("'"&$A$1&"'!"&ADDRESS(B7,2))="","",INDIRECT("'"&$A$1&"'!"&ADDRESS(B7,2))),"")} | B7: =IFERROR(B6+1,"") | C7: {=IFERROR(IF(検査表!AW7<2,"",_xlfn._xlws.FILTER(INDIRECT("'"&$A$1&"'!$C$"&$B7&":$CX$"&$B7),INDIRECT("'"&$A$1&"'!$C$2:$CX$2")<>"")),"")}
A8: {=IFERROR(IF(INDIRECT("'"&$A$1&"'!"&ADDRESS(B7,1))="","",INDIRECT("'"&$A$1&"'!"&ADDRESS(B7,1))),"")} | B8: =IFERROR(B6+2,"") | C8: {=IFERROR(IF(検査表!AW7<3,"",_xlfn._xlws.FILTER(INDIRECT("'"&$A$1&"'!$C$"&$B8&":$CX$"&$B8),INDIRECT("'"&$A$1&"'!$C$2:$CX$2")<>"")),"")}
A9: =IF(検査表!AX6="","",検査表!AX6) | B9: {=_xlfn.XLOOKUP(A9,_xlfn._xlws.FILTER(INDIRECT("'"&$A$1&"'!$B$12:$B$8196"),MOD(ROW(INDIRECT("'"&$A$1&"'!$B$12:$B$8196")),3)=0,1),_xlfn._xlws.FILTER(ROW(INDIRECT("'"&$A$1&"'!$B$12:$B$8196")),MOD(ROW(INDIRECT("'"&$A$1&"'!$B$12:$B$8196")),3)=0,1),"",0,1)} | C9: {=IFERROR(IF(検査表!AX7<1,"",_xlfn._xlws.FILTER(INDIRECT("'"&$A$1&"'!$C$"&$B9&":$CX$"&$B9),INDIRECT("'"&$A$1&"'!$C$2:$CX$2")<>"")),"")}
A10: {=IFERROR(IF(INDIRECT("'"&$A$1&"'!"&ADDRESS(B10,2))="","",INDIRECT("'"&$A$1&"'!"&ADDRESS(B10,2))),"")} | B10: =IFERROR(B9+1,"") | C10: {=IFERROR(IF(検査表!AX7<2,"",_xlfn._xlws.FILTER(INDIRECT("'"&$A$1&"'!$C$"&$B10&":$CX$"&$B10),INDIRECT("'"&$A$1&"'!$C$2:$CX$2")<>"")),"")}
A11: {=IFERROR(IF(INDIRECT("'"&$A$1&"'!"&ADDRESS(B10,1))="","",INDIRECT("'"&$A$1&"'!"&ADDRESS(B10,1))),"")} | B11: =IFERROR(B9+2,"") | C11: {=IFERROR(IF(検査表!AX7<3,"",_xlfn._xlws.FILTER(INDIRECT("'"&$A$1&"'!$C$"&$B11&":$CX$"&$B11),INDIRECT("'"&$A$1&"'!$C$2:$CX$2")<>"")),"")}
A12: =IF(検査表!AY6="","",検査表!AY6) | B12: {=_xlfn.XLOOKUP(A12,_xlfn._xlws.FILTER(INDIRECT("'"&$A$1&"'!$B$12:$B$8196"),MOD(ROW(INDIRECT("'"&$A$1&"'!$B$12:$B$8196")),3)=0,1),_xlfn._xlws.FILTER(ROW(INDIRECT("'"&$A$1&"'!$B$12:$B$8196")),MOD(ROW(INDIRECT("'"&$A$1&"'!$B$12:$B$8196")),3)=0,1),"",0,1)} | C12: {=IFERROR(IF(検査表!AY7<1,"",_xlfn._xlws.FILTER(INDIRECT("'"&$A$1&"'!$C$"&$B12&":$CX$"&$B12),INDIRECT("'"&$A$1&"'!$C$2:$CX$2")<>"")),"")}
A13: {=IFERROR(IF(INDIRECT("'"&$A$1&"'!"&ADDRESS(B13,2))="","",INDIRECT("'"&$A$1&"'!"&ADDRESS(B13,2))),"")} | B13: =IFERROR(B12+1,"") | C13: {=IFERROR(IF(検査表!AY7<2,"",_xlfn._xlws.FILTER(INDIRECT("'"&$A$1&"'!$C$"&$B13&":$CX$"&$B13),INDIRECT("'"&$A$1&"'!$C$2:$CX$2")<>"")),"")}
A14: {=IFERROR(IF(INDIRECT("'"&$A$1&"'!"&ADDRESS(B13,1))="","",INDIRECT("'"&$A$1&"'!"&ADDRESS(B13,1))),"")} | B14: =IFERROR(B12+2,"") | C14: {=IFERROR(IF(検査表!AY7<3,"",_xlfn._xlws.FILTER(INDIRECT("'"&$A$1&"'!$C$"&$B14&":$CX$"&$B14),INDIRECT("'"&$A$1&"'!$C$2:$CX$2")<>"")),"")}
B16: 1 | C16: {=IFERROR(_xlfn._xlws.FILTER(C$3:C$14,(C$3:C$14<>"")*(C$3:C$14<>0)),"")} | D16: {=IFERROR(_xlfn._xlws.FILTER(D$3:D$14,(D$3:D$14<>"")*(D$3:D$14<>0)),"")} | E16: {=IFERROR(_xlfn._xlws.FILTER(E$3:E$14,(E$3:E$14<>"")*(E$3:E$14<>0)),"")} | F16: {=IFERROR(_xlfn._xlws.FILTER(F$3:F$14,(F$3:F$14<>"")*(F$3:F$14<>0)),"")} | G16: {=IFERROR(_xlfn._xlws.FILTER(G$3:G$14,(G$3:G$14<>"")*(G$3:G$14<>0)),"")} | H16: {=IFERROR(_xlfn._xlws.FILTER(H$3:H$14,(H$3:H$14<>"")*(H$3:H$14<>0)),"")} | I16: {=IFERROR(_xlfn._xlws.FILTER(I$3:I$14,(I$3:I$14<>"")*(I$3:I$14<>0)),"")} | J16: {=IFERROR(_xlfn._xlws.FILTER(J$3:J$14,(J$3:J$14<>"")*(J$3:J$14<>0)),"")} | ... CX16: {=IFERROR(_xlfn._xlws.FILTER(CX$3:CX$14,(CX$3:CX$14<>"")*(CX$3:CX$14<>0)),"")}
B17: 2
B18: 3
B19: 4
B20: 5
B21: 6
B22: 7
B23: 8
B24: 9
B25: 10

Sheet 工程内検査シート
A1: 客先名 | C1: 不二工機 | G1: 測定箇所数 | I1: 38 | K1: 製造検査数 | L1: {=SUMPRODUCT((IFERROR(_xlfn._xlws.FILTER(INDEX(L:L,_xlfn.SEQUENCE(100,1,11,3)),INDEX(L:L,_xlfn.SEQUENCE(100,1,11,3))<>""),"")<>"")*1)} -> 0 | M1: {=SUMPRODUCT((IFERROR(_xlfn._xlws.FILTER(INDEX(M:M,_xlfn.SEQUENCE(100,1,11,3)),INDEX(M:M,_xlfn.SEQUENCE(100,1,11,3))<>""),"")<>"")*1)} -> 0 | N1: {=SUMPRODUCT((IFERROR(_xlfn._xlws.FILTER(INDEX(N:N,_xlfn.SEQUENCE(100,1,11,3)),INDEX(N:N,_xlfn.SEQUENCE(100,1,11,3))<>""),"")<>"")*1)} -> 0 | O1: {=SUMPRODUCT((IFERROR(_xlfn._xlws.FILTER(INDEX(O:O,_xlfn.SEQUENCE(100,1,11,3)),INDEX(O:O,_xlfn.SEQUENCE(100,1,11,3))<>""),"")<>"")*1)} -> 0 | P1: {=SUMPRODUCT((IFERROR(_xlfn._xlws.FILTER(INDEX(P:P,_xlfn.SEQUENCE(100,1,11,3)),INDEX(P:P,_xlfn.SEQUENCE(100,1,11,3))<>""),"")<>"")*1)} -> 0 | Q1: {=SUMPRODUCT((IFERROR(_xlfn._xlws.FILTER(INDEX(Q:Q,_xlfn.SEQUENCE(100,1,11,3)),INDEX(Q:Q,_xlfn.SEQUENCE(100,1,11,3))<>""),"")<>"")*1)} -> 0 | R1: {=SUMPRODUCT((IFERROR(_xlfn._xlws.FILTER(INDEX(R:R,_xlfn.SEQUENCE(100,1,11,3)),INDEX(R:R,_xlfn.SEQUENCE(100,1,11,3))<>""),"")<>"")*1)} -> 0 | S1: {=SUMPRODUCT((IFERROR(_xlfn._xlws.FILTER(INDEX(S:S,_xlfn.SEQUENCE(100,1,11,3)),INDEX(S:S,_xlfn.SEQUENCE(100,1,11,3))<>""),"")<>"")*1)} -> 0 | T1: {=SUMPRODUCT((IFERROR(_xlfn._xlws.FILTER(INDEX(T:T,_xlfn.SEQUENCE(100,1,11,3)),INDEX(T:T,_xlfn.SEQUENCE(100,1,11,3))<>""),"")<>"")*1)} -> 0 | U1: {=SUMPRODUCT((IFERROR(_xlfn._xlws.FILTER(INDEX(U:U,_xlfn.SEQUENCE(100,1,11,3)),INDEX(U:U,_xlfn.SEQUENCE(100,1,11,3))<>""),"")<>"")*1)} -> 0 | V1: {=SUMPRODUCT((IFERROR(_xlfn._xlws.FILTER(INDEX(V:V,_xlfn.SEQUENCE(100,1,11,3)),INDEX(V:V,_xlfn.SEQUENCE(100,1,11,3))<>""),"")<>"")*1)} -> 0 | W1: {=SUMPRODUCT((IFERROR(_xlfn._xlws.FILTER(INDEX(W:W,_xlfn.SEQUENCE(100,1,11,3)),INDEX(W:W,_xlfn.SEQUENCE(100,1,11,3))<>""),"")<>"")*1)} -> 0 | X1: {=SUMPRODUCT((IFERROR(_xlfn._xlws.FILTER(INDEX(X:X,_xlfn.SEQUENCE(100,1,11,3)),INDEX(X:X,_xlfn.SEQUENCE(100,1,11,3))<>""),"")<>"")*1)} -> 0 | Y1: {=SUMPRODUCT((IFERROR(_xlfn._xlws.FILTER(INDEX(Y:Y,_xlfn.SEQUENCE(100,1,11,3)),INDEX(Y:Y,_xlfn.SEQUENCE(100,1,11,3))<>""),"")<>"")*1)} -> 0 | Z1: {=SUMPRODUCT((IFERROR(_xlfn._xlws.FILTER(INDEX(Z:Z,_xlfn.SEQUENCE(100,1,11,3)),INDEX(Z:Z,_xlfn.SEQUENCE(100,1,11,3))<>""),"")<>"")*1)} -> 0 | AA1: {=SUMPRODUCT((IFERROR(_xlfn._xlws.FILTER(INDEX(AA:AA,_xlfn.SEQUENCE(100,1,11,3)),INDEX(AA:AA,_xlfn.SEQUENCE(100,1,11,3))<>""),"")<>"")*1)} -> 0 | AB1: {=SUMPRODUCT((IFERROR(_xlfn._xlws.FILTER(INDEX(AB:AB,_xlfn.SEQUENCE(100,1,11,3)),INDEX(AB:AB,_xlfn.SEQUENCE(100,1,11,3))<>""),"")<>"")*1)} -> 0 | AC1: {=SUMPRODUCT((IFERROR(_xlfn._xlws.FILTER(INDEX(AC:AC,_xlfn.SEQUENCE(100,1,11,3)),INDEX(AC:AC,_xlfn.SEQUENCE(100,1,11,3))<>""),"")<>"")*1)} -> 0 | AD1: {=SUMPRODUCT((IFERROR(_xlfn._xlws.FILTER(INDEX(AD:AD,_xlfn.SEQUENCE(100,1,11,3)),INDEX(AD:AD,_xlfn.SEQUENCE(100,1,11,3))<>""),"")<>"")*1)} -> 0 | AE1: {=SUMPRODUCT((IFERROR(_xlfn._xlws.FILTER(INDEX(AE:AE,_xlfn.SEQUENCE(100,1,11,3)),INDEX(AE:AE,_xlfn.SEQUENCE(100,1,11,3))<>""),"")<>"")*1)} -> 0 | AF1: {=SUMPRODUCT((IFERROR(_xlfn._xlws.FILTER(INDEX(AF:AF,_xlfn.SEQUENCE(100,1,11,3)),INDEX(AF:AF,_xlfn.SEQUENCE(100,1,11,3))<>""),"")<>"")*1)} -> 0 | AG1: {=SUMPRODUCT((IFERROR(_xlfn._xlws.FILTER(INDEX(AG:AG,_xlfn.SEQUENCE(100,1,11,3)),INDEX(AG:AG,_xlfn.SEQUENCE(100,1,11,3))<>""),"")<>"")*1)} -> 0 | AH1: {=SUMPRODUCT((IFERROR(_xlfn._xlws.FILTER(INDEX(AH:AH,_xlfn.SEQUENCE(100,1,11,3)),INDEX(AH:AH,_xlfn.SEQUENCE(100,1,11,3))<>""),"")<>"")*1)} -> 0 | AI1: {=SUMPRODUCT((IFERROR(_xlfn._xlws.FILTER(INDEX(AI:AI,_xlfn.SEQUENCE(100,1,11,3)),INDEX(AI:AI,_xlfn.SEQUENCE(100,1,11,3))<>""),"")<>"")*1)} -> 0 | AJ1: {=SUMPRODUCT((IFERROR(_xlfn._xlws.FILTER(INDEX(AJ:AJ,_xlfn.SEQUENCE(100,1,11,3)),INDEX(AJ:AJ,_xlfn.SEQUENCE(100,1,11,3))<>""),"")<>"")*1)} -> 0 | AK1: {=SUMPRODUCT((IFERROR(_xlfn._xlws.FILTER(INDEX(AK:AK,_xlfn.SEQUENCE(100,1,11,3)),INDEX(AK:AK,_xlfn.SEQUENCE(100,1,11,3))<>""),"")<>"")*1)} -> 0 | AL1: {=SUMPRODUCT((IFERROR(_xlfn._xlws.FILTER(INDEX(AL:AL,_xlfn.SEQUENCE(100,1,11,3)),INDEX(AL:AL,_xlfn.SEQUENCE(100,1,11,3))<>""),"")<>"")*1)} -> 0 | AM1: {=SUMPRODUCT((IFERROR(_xlfn._xlws.FILTER(INDEX(AM:AM,_xlfn.SEQUENCE(100,1,11,3)),INDEX(AM:AM,_xlfn.SEQUENCE(100,1,11,3))<>""),"")<>"")*1)} -> 0 | AN1: {=SUMPRODUCT((IFERROR(_xlfn._xlws.FILTER(INDEX(AN:AN,_xlfn.SEQUENCE(100,1,11,3)),INDEX(AN:AN,_xlfn.SEQUENCE(100,1,11,3))<>""),"")<>"")*1)} -> 0 | AO1: {=SUMPRODUCT((IFERROR(_xlfn._xlws.FILTER(INDEX(AO:AO,_xlfn.SEQUENCE(100,1,11,3)),INDEX(AO:AO,_xlfn.SEQUENCE(100,1,11,3))<>""),"")<>"")*1)} -> 0 | AP1: {=SUMPRODUCT((IFERROR(_xlfn._xlws.FILTER(INDEX(AP:AP,_xlfn.SEQUENCE(100,1,11,3)),INDEX(AP:AP,_xlfn.SEQUENCE(100,1,11,3))<>""),"")<>"")*1)} -> 0 | AQ1: {=SUMPRODUCT((IFERROR(_xlfn._xlws.FILTER(INDEX(AQ:AQ,_xlfn.SEQUENCE(100,1,11,3)),INDEX(AQ:AQ,_xlfn.SEQUENCE(100,1,11,3))<>""),"")<>"")*1)} -> 0 | AR1: {=SUMPRODUCT((IFERROR(_xlfn._xlws.FILTER(INDEX(AR:AR,_xlfn.SEQUENCE(100,1,11,3)),INDEX(AR:AR,_xlfn.SEQUENCE(100,1,11,3))<>""),"")<>"")*1)} -> 0 | AS1: {=SUMPRODUCT((IFERROR(_xlfn._xlws.FILTER(INDEX(AS:AS,_xlfn.SEQUENCE(100,1,11,3)),INDEX(AS:AS,_xlfn.SEQUENCE(100,1,11,3))<>""),"")<>"")*1)} -> 0 | AT1: {=SUMPRODUCT((IFERROR(_xlfn._xlws.FILTER(INDEX(AT:AT,_xlfn.SEQUENCE(100,1,11,3)),INDEX(AT:AT,_xlfn.SEQUENCE(100,1,11,3))<>""),"")<>"")*1)} -> 0 | AU1: {=SUMPRODUCT((IFERROR(_xlfn._xlws.FILTER(INDEX(AU:AU,_xlfn.SEQUENCE(100,1,11,3)),INDEX(AU:AU,_xlfn.SEQUENCE(100,1,11,3))<>""),"")<>"")*1)} -> 0 | AV1: {=SUMPRODUCT((IFERROR(_xlfn._xlws.FILTER(INDEX(AV:AV,_xlfn.SEQUENCE(100,1,11,3)),INDEX(AV:AV,_xlfn.SEQUENCE(100,1,11,3))<>""),"")<>"")*1)} -> 0 | AW1: {=SUMPRODUCT((IFERROR(_xlfn._xlws.FILTER(INDEX(AW:AW,_xlfn.SEQUENCE(100,1,11,3)),INDEX(AW:AW,_xlfn.SEQUENCE(100,1,11,3))<>""),"")<>"")*1)} -> 0 | AX1: {=SUMPRODUCT((IFERROR(_xlfn._xlws.FILTER(INDEX(AX:AX,_xlfn.SEQUENCE(100,1,11,3)),INDEX(AX:AX,_xlfn.SEQUENCE(100,1,11,3))<>""),"")<>"")*1)} -> 0 | AY1: {=SUMPRODUCT((IFERROR(_xlfn._xlws.FILTER(INDEX(AY:AY,_xlfn.SEQUENCE(100,1,11,3)),INDEX(AY:AY,_xlfn.SEQUENCE(100,1,11,3))<>""),"")<>"")*1)} -> 0 | AZ1: {=SUMPRODUCT((IFERROR(_xlfn._xlws.FILTER(INDEX(AZ:AZ,_xlfn.SEQUENCE(100,1,11,3)),INDEX(AZ:AZ,_xlfn.SEQUENCE(100,1,11,3))<>""),"")<>"")*1)} -> 0 | BA1: {=SUMPRODUCT((IFERROR(_xlfn._xlws.FILTER(INDEX(BA:BA,_xlfn.SEQUENCE(100,1,11,3)),INDEX(BA:BA,_xlfn.SEQUENCE(100,1,11,3))<>""),"")<>"")*1)} -> 0 | BB1: {=SUMPRODUCT((IFERROR(_xlfn._xlws.FILTER(INDEX(BB:BB,_xlfn.SEQUENCE(100,1,11,3)),INDEX(BB:BB,_xlfn.SEQUENCE(100,1,11,3))<>""),"")<>"")*1)} -> 0 | BC1: {=SUMPRODUCT((IFERROR(_xlfn._xlws.FILTER(INDEX(BC:BC,_xlfn.SEQUENCE(100,1,11,3)),INDEX(BC:BC,_xlfn.SEQUENCE(100,1,11,3))<>""),"")<>"")*1)} -> 0 | BD1: {=SUMPRODUCT((IFERROR(_xlfn._xlws.FILTER(INDEX(BD:BD,_xlfn.SEQUENCE(100,1,11,3)),INDEX(BD:BD,_xlfn.SEQUENCE(100,1,11,3))<>""),"")<>"")*1)} -> 0 | BE1: {=SUMPRODUCT((IFERROR(_xlfn._xlws.FILTER(INDEX(BE:BE,_xlfn.SEQUENCE(100,1,11,3)),INDEX(BE:BE,_xlfn.SEQUENCE(100,1,11,3))<>""),"")<>"")*1)} -> 0 | BF1: {=SUMPRODUCT((IFERROR(_xlfn._xlws.FILTER(INDEX(BF:BF,_xlfn.SEQUENCE(100,1,11,3)),INDEX(BF:BF,_xlfn.SEQUENCE(100,1,11,3))<>""),"")<>"")*1)} -> 0 | BG1: {=SUMPRODUCT((IFERROR(_xlfn._xlws.FILTER(INDEX(BG:BG,_xlfn.SEQUENCE(100,1,11,3)),INDEX(BG:BG,_xlfn.SEQUENCE(100,1,11,3))<>""),"")<>"")*1)} -> 0 | BH1: {=SUMPRODUCT((IFERROR(_xlfn._xlws.FILTER(INDEX(BH:BH,_xlfn.SEQUENCE(100,1,11,3)),INDEX(BH:BH,_xlfn.SEQUENCE(100,1,11,3))<>""),"")<>"")*1)} -> 0 | BI1: {=SUMPRODUCT((IFERROR(_xlfn._xlws.FILTER(INDEX(BI:BI,_xlfn.SEQUENCE(100,1,11,3)),INDEX(BI:BI,_xlfn.SEQUENCE(100,1,11,3))<>""),"")<>"")*1)} -> 0 | BJ1: {=SUMPRODUCT((IFERROR(_xlfn._xlws.FILTER(INDEX(BJ:BJ,_xlfn.SEQUENCE(100,1,11,3)),INDEX(BJ:BJ,_xlfn.SEQUENCE(100,1,11,3))<>""),"")<>"")*1)} -> 0 | BK1: {=SUMPRODUCT((IFERROR(_xlfn._xlws.FILTER(INDEX(BK:BK,_xlfn.SEQUENCE(100,1,11,3)),INDEX(BK:BK,_xlfn.SEQUENCE(100,1,11,3))<>""),"")<>"")*1)} -> 0 | BL1: {=SUMPRODUCT((IFERROR(_xlfn._xlws.FILTER(INDEX(BL:BL,_xlfn.SEQUENCE(100,1,11,3)),INDEX(BL:BL,_xlfn.SEQUENCE(100,1,11,3))<>""),"")<>"")*1)} -> 0 | BM1: {=SUMPRODUCT((IFERROR(_xlfn._xlws.FILTER(INDEX(BM:BM,_xlfn.SEQUENCE(100,1,11,3)),INDEX(BM:BM,_xlfn.SEQUENCE(100,1,11,3))<>""),"")<>"")*1)} -> 0 | BN1: {=SUMPRODUCT((IFERROR(_xlfn._xlws.FILTER(INDEX(BN:BN,_xlfn.SEQUENCE(100,1,11,3)),INDEX(BN:BN,_xlfn.SEQUENCE(100,1,11,3))<>""),"")<>"")*1)} -> 0 | BO1: {=SUMPRODUCT((IFERROR(_xlfn._xlws.FILTER(INDEX(BO:BO,_xlfn.SEQUENCE(100,1,11,3)),INDEX(BO:BO,_xlfn.SEQUENCE(100,1,11,3))<>""),"")<>"")*1)} -> 0 | BP1: {=SUMPRODUCT((IFERROR(_xlfn._xlws.FILTER(INDEX(BP:BP,_xlfn.SEQUENCE(100,1,11,3)),INDEX(BP:BP,_xlfn.SEQUENCE(100,1,11,3))<>""),"")<>"")*1)} -> 0 | BQ1: {=SUMPRODUCT((IFERROR(_xlfn._xlws.FILTER(INDEX(BQ:BQ,_xlfn.SEQUENCE(100,1,11,3)),INDEX(BQ:BQ,_xlfn.SEQUENCE(100,1,11,3))<>""),"")<>"")*1)} -> 0 | BR1: {=SUMPRODUCT((IFERROR(_xlfn._xlws.FILTER(INDEX(BR:BR,_xlfn.SEQUENCE(100,1,11,3)),INDEX(BR:BR,_xlfn.SEQUENCE(100,1,11,3))<>""),"")<>"")*1)} -> 0 | BS1: {=SUMPRODUCT((IFERROR(_xlfn._xlws.FILTER(INDEX(BS:BS,_xlfn.SEQUENCE(100,1,11,3)),INDEX(BS:BS,_xlfn.SEQUENCE(100,1,11,3))<>""),"")<>"")*1)} -> 0 | BT1: {=SUMPRODUCT((IFERROR(_xlfn._xlws.FILTER(INDEX(BT:BT,_xlfn.SEQUENCE(100,1,11,3)),INDEX(BT:BT,_xlfn.SEQUENCE(100,1,11,3))<>""),"")<>"")*1)} -> 0 | BU1: {=SUMPRODUCT((IFERROR(_xlfn._xlws.FILTER(INDEX(BU:BU,_xlfn.SEQUENCE(100,1,11,3)),INDEX(BU:BU,_xlfn.SEQUENCE(100,1,11,3))<>""),"")<>"")*1)} -> 0 | BV1: {=SUMPRODUCT((IFERROR(_xlfn._xlws.FILTER(INDEX(BV:BV,_xlfn.SEQUENCE(100,1,11,3)),INDEX(BV:BV,_xlfn.SEQUENCE(100,1,11,3))<>""),"")<>"")*1)} -> 0 | BW1: {=SUMPRODUCT((IFERROR(_xlfn._xlws.FILTER(INDEX(BW:BW,_xlfn.SEQUENCE(100,1,11,3)),INDEX(BW:BW,_xlfn.SEQUENCE(100,1,11,3))<>""),"")<>"")*1)} -> 0 | BX1: {=SUMPRODUCT((IFERROR(_xlfn._xlws.FILTER(INDEX(BX:BX,_xlfn.SEQUENCE(100,1,11,3)),INDEX(BX:BX,_xlfn.SEQUENCE(100,1,11,3))<>""),"")<>"")*1)} -> 0 | BY1: {=SUMPRODUCT((IFERROR(_xlfn._xlws.FILTER(INDEX(BY:BY,_xlfn.SEQUENCE(100,1,11,3)),INDEX(BY:BY,_xlfn.SEQUENCE(100,1,11,3))<>""),"")<>"")*1)} -> 0 | BZ1: {=SUMPRODUCT((IFERROR(_xlfn._xlws.FILTER(INDEX(BZ:BZ,_xlfn.SEQUENCE(100,1,11,3)),INDEX(BZ:BZ,_xlfn.SEQUENCE(100,1,11,3))<>""),"")<>"")*1)} -> 0 | CA1: {=SUMPRODUCT((IFERROR(_xlfn._xlws.FILTER(INDEX(CA:CA,_xlfn.SEQUENCE(100,1,11,3)),INDEX(CA:CA,_xlfn.SEQUENCE(100,1,11,3))<>""),"")<>"")*1)} -> 0 | CB1: {=SUMPRODUCT((IFERROR(_xlfn._xlws.FILTER(INDEX(CB:CB,_xlfn.SEQUENCE(100,1,11,3)),INDEX(CB:CB,_xlfn.SEQUENCE(100,1,11,3))<>""),"")<>"")*1)} -> 0 | CC1: {=SUMPRODUCT((IFERROR(_xlfn._xlws.FILTER(INDEX(CC:CC,_xlfn.SEQUENCE(100,1,11,3)),INDEX(CC:CC,_xlfn.SEQUENCE(100,1,11,3))<>""),"")<>"")*1)} -> 0 | CD1: {=SUMPRODUCT((IFERROR(_xlfn._xlws.FILTER(INDEX(CD:CD,_xlfn.SEQUENCE(100,1,11,3)),INDEX(CD:CD,_xlfn.SEQUENCE(100,1,11,3))<>""),"")<>"")*1)} -> 0 | CE1: {=SUMPRODUCT((IFERROR(_xlfn._xlws.FILTER(INDEX(CE:CE,_xlfn.SEQUENCE(100,1,11,3)),INDEX(CE:CE,_xlfn.SEQUENCE(100,1,11,3))<>""),"")<>"")*1)} -> 0 | CF1: {=SUMPRODUCT((IFERROR(_xlfn._xlws.FILTER(INDEX(CF:CF,_xlfn.SEQUENCE(100,1,11,3)),INDEX(CF:CF,_xlfn.SEQUENCE(100,1,11,3))<>""),"")<>"")*1)} -> 0 | CG1: {=SUMPRODUCT((IFERROR(_xlfn._xlws.FILTER(INDEX(CG:CG,_xlfn.SEQUENCE(100,1,11,3)),INDEX(CG:CG,_xlfn.SEQUENCE(100,1,11,3))<>""),"")<>"")*1)} -> 0 | CH1: {=SUMPRODUCT((IFERROR(_xlfn._xlws.FILTER(INDEX(CH:CH,_xlfn.SEQUENCE(100,1,11,3)),INDEX(CH:CH,_xlfn.SEQUENCE(100,1,11,3))<>""),"")<>"")*1)} -> 0 | CI1: {=SUMPRODUCT((IFERROR(_xlfn._xlws.FILTER(INDEX(CI:CI,_xlfn.SEQUENCE(100,1,11,3)),INDEX(CI:CI,_xlfn.SEQUENCE(100,1,11,3))<>""),"")<>"")*1)} -> 0 | CJ1: {=SUMPRODUCT((IFERROR(_xlfn._xlws.FILTER(INDEX(CJ:CJ,_xlfn.SEQUENCE(100,1,11,3)),INDEX(CJ:CJ,_xlfn.SEQUENCE(100,1,11,3))<>""),"")<>"")*1)} -> 0 | CK1: {=SUMPRODUCT((IFERROR(_xlfn._xlws.FILTER(INDEX(CK:CK,_xlfn.SEQUENCE(100,1,11,3)),INDEX(CK:CK,_xlfn.SEQUENCE(100,1,11,3))<>""),"")<>"")*1)} -> 0 | CL1: {=SUMPRODUCT((IFERROR(_xlfn._xlws.FILTER(INDEX(CL:CL,_xlfn.SEQUENCE(100,1,11,3)),INDEX(CL:CL,_xlfn.SEQUENCE(100,1,11,3))<>""),"")<>"")*1)} -> 0 | CM1: {=SUMPRODUCT((IFERROR(_xlfn._xlws.FILTER(INDEX(CM:CM,_xlfn.SEQUENCE(100,1,11,3)),INDEX(CM:CM,_xlfn.SEQUENCE(100,1,11,3))<>""),"")<>"")*1)} -> 0 | CN1: {=SUMPRODUCT((IFERROR(_xlfn._xlws.FILTER(INDEX(CN:CN,_xlfn.SEQUENCE(100,1,11,3)),INDEX(CN:CN,_xlfn.SEQUENCE(100,1,11,3))<>""),"")<>"")*1)} -> 0 | CO1: {=SUMPRODUCT((IFERROR(_xlfn._xlws.FILTER(INDEX(CO:CO,_xlfn.SEQUENCE(100,1,11,3)),INDEX(CO:CO,_xlfn.SEQUENCE(100,1,11,3))<>""),"")<>"")*1)} -> 0 | CP1: {=SUMPRODUCT((IFERROR(_xlfn._xlws.FILTER(INDEX(CP:CP,_xlfn.SEQUENCE(100,1,11,3)),INDEX(CP:CP,_xlfn.SEQUENCE(100,1,11,3))<>""),"")<>"")*1)} -> 0 | CQ1: {=SUMPRODUCT((IFERROR(_xlfn._xlws.FILTER(INDEX(CQ:CQ,_xlfn.SEQUENCE(100,1,11,3)),INDEX(CQ:CQ,_xlfn.SEQUENCE(100,1,11,3))<>""),"")<>"")*1)} -> 0 | CR1: {=SUMPRODUCT((IFERROR(_xlfn._xlws.FILTER(INDEX(CR:CR,_xlfn.SEQUENCE(100,1,11,3)),INDEX(CR:CR,_xlfn.SEQUENCE(100,1,11,3))<>""),"")<>"")*1)} -> 0 | CS1: {=SUMPRODUCT((IFERROR(_xlfn._xlws.FILTER(INDEX(CS:CS,_xlfn.SEQUENCE(100,1,11,3)),INDEX(CS:CS,_xlfn.SEQUENCE(100,1,11,3))<>""),"")<>"")*1)} -> 0 | CT1: {=SUMPRODUCT((IFERROR(_xlfn._xlws.FILTER(INDEX(CT:CT,_xlfn.SEQUENCE(100,1,11,3)),INDEX(CT:CT,_xlfn.SEQUENCE(100,1,11,3))<>""),"")<>"")*1)} -> 0 | CU1: {=SUMPRODUCT((IFERROR(_xlfn._xlws.FILTER(INDEX(CU:CU,_xlfn.SEQUENCE(100,1,11,3)),INDEX(CU:CU,_xlfn.SEQUENCE(100,1,11,3))<>""),"")<>"")*1)} -> 0 | CV1: {=SUMPRODUCT((IFERROR(_xlfn._xlws.FILTER(INDEX(CV:CV,_xlfn.SEQUENCE(100,1,11,3)),INDEX(CV:CV,_xlfn.SEQUENCE(100,1,11,3))<>""),"")<>"")*1)} -> 0 | CW1: {=SUMPRODUCT((IFERROR(_xlfn._xlws.FILTER(INDEX(CW:CW,_xlfn.SEQUENCE(100,1,11,3)),INDEX(CW:CW,_xlfn.SEQUENCE(100,1,11,3))<>""),"")<>"")*1)} -> 0 | CX1: {=SUMPRODUCT((IFERROR(_xlfn._xlws.FILTER(INDEX(CX:CX,_xlfn.SEQUENCE(100,1,11,3)),INDEX(CX:CX,_xlfn.SEQUENCE(100,1,11,3))<>""),"")<>"")*1)} -> 0 | CY1: {=SUMPRODUCT((IFERROR(_xlfn._xlws.FILTER(INDEX(CY:CY,_xlfn.SEQUENCE(100,1,11,3)),INDEX(CY:CY,_xlfn.SEQUENCE(100,1,11,3))<>""),"")<>"")*1)} -> 0 | CZ1: {=SUMPRODUCT((IFERROR(_xlfn._xlws.FILTER(INDEX(CZ:CZ,_xlfn.SEQUENCE(100,1,11,3)),INDEX(CZ:CZ,_xlfn.SEQUENCE(100,1,11,3))<>""),"")<>"")*1)} -> 0 | DA1: {=SUMPRODUCT((IFERROR(_xlfn._xlws.FILTER(INDEX(DA:DA,_xlfn.SEQUENCE(100,1,11,3)),INDEX(DA:DA,_xlfn.SEQUENCE(100,1,11,3))<>""),"")<>"")*1)} -> 0 | DB1: {=SUMPRODUCT((IFERROR(_xlfn._xlws.FILTER(INDEX(DB:DB,_xlfn.SEQUENCE(100,1,11,3)),INDEX(DB:DB,_xlfn.SEQUENCE(100,1,11,3))<>""),"")<>"")*1)} -> 0 | DC1: {=SUMPRODUCT((IFERROR(_xlfn._xlws.FILTER(INDEX(DC:DC,_xlfn.SEQUENCE(100,1,11,3)),INDEX(DC:DC,_xlfn.SEQUENCE(100,1,11,3))<>""),"")<>"")*1)} -> 0 | DD1: {=SUMPRODUCT((IFERROR(_xlfn._xlws.FILTER(INDEX(DD:DD,_xlfn.SEQUENCE(100,1,11,3)),INDEX(DD:DD,_xlfn.SEQUENCE(100,1,11,3))<>""),"")<>"")*1)} -> 0 | DE1: {=SUMPRODUCT((IFERROR(_xlfn._xlws.FILTER(INDEX(DE:DE,_xlfn.SEQUENCE(100,1,11,3)),INDEX(DE:DE,_xlfn.SEQUENCE(100,1,11,3))<>""),"")<>"")*1)} -> 0 | DF1: {=SUMPRODUCT((IFERROR(_xlfn._xlws.FILTER(INDEX(DF:DF,_xlfn.SEQUENCE(100,1,11,3)),INDEX(DF:DF,_xlfn.SEQUENCE(100,1,11,3))<>""),"")<>"")*1)} -> 0 | DG1: {=SUMPRODUCT((IFERROR(_xlfn._xlws.FILTER(INDEX(DG:DG,_xlfn.SEQUENCE(100,1,11,3)),INDEX(DG:DG,_xlfn.SEQUENCE(100,1,11,3))<>""),"")<>"")*1)} -> 0 | DH1: {=SUMPRODUCT((IFERROR(_xlfn._xlws.FILTER(INDEX(DH:DH,_xlfn.SEQUENCE(100,1,11,3)),INDEX(DH:DH,_xlfn.SEQUENCE(100,1,11,3))<>""),"")<>"")*1)} -> 0 | DI1: {=SUMPRODUCT((IFERROR(_xlfn._xlws.FILTER(INDEX(DI:DI,_xlfn.SEQUENCE(100,1,11,3)),INDEX(DI:DI,_xlfn.SEQUENCE(100,1,11,3))<>""),"")<>"")*1)} -> 0 | DJ1: {=SUMPRODUCT((IFERROR(_xlfn._xlws.FILTER(INDEX(DJ:DJ,_xlfn.SEQUENCE(100,1,11,3)),INDEX(DJ:DJ,_xlfn.SEQUENCE(100,1,11,3))<>""),"")<>"")*1)} -> 0 | DK1: {=SUMPRODUCT((IFERROR(_xlfn._xlws.FILTER(INDEX(DK:DK,_xlfn.SEQUENCE(100,1,11,3)),INDEX(DK:DK,_xlfn.SEQUENCE(100,1,11,3))<>""),"")<>"")*1)} -> 0 | DL1: {=SUMPRODUCT((IFERROR(_xlfn._xlws.FILTER(INDEX(DL:DL,_xlfn.SEQUENCE(100,1,11,3)),INDEX(DL:DL,_xlfn.SEQUENCE(100,1,11,3))<>""),"")<>"")*1)} -> 0 | DM1: {=SUMPRODUCT((IFERROR(_xlfn._xlws.FILTER(INDEX(DM:DM,_xlfn.SEQUENCE(100,1,11,3)),INDEX(DM:DM,_xlfn.SEQUENCE(100,1,11,3))<>""),"")<>"")*1)} -> 0 | DN1: {=SUMPRODUCT((IFERROR(_xlfn._xlws.FILTER(INDEX(DN:DN,_xlfn.SEQUENCE(100,1,11,3)),INDEX(DN:DN,_xlfn.SEQUENCE(100,1,11,3))<>""),"")<>"")*1)} -> 0 | DO1: {=SUMPRODUCT((IFERROR(_xlfn._xlws.FILTER(INDEX(DO:DO,_xlfn.SEQUENCE(100,1,11,3)),INDEX(DO:DO,_xlfn.SEQUENCE(100,1,11,3))<>""),"")<>"")*1)} -> 0 | DP1: {=SUMPRODUCT((IFERROR(_xlfn._xlws.FILTER(INDEX(DP:DP,_xlfn.SEQUENCE(100,1,11,3)),INDEX(DP:DP,_xlfn.SEQUENCE(100,1,11,3))<>""),"")<>"")*1)} -> 0 | DQ1: {=SUMPRODUCT((IFERROR(_xlfn._xlws.FILTER(INDEX(DQ:DQ,_xlfn.SEQUENCE(100,1,11,3)),INDEX(DQ:DQ,_xlfn.SEQUENCE(100,1,11,3))<>""),"")<>"")*1)} -> 0 | DR1: {=SUMPRODUCT((IFERROR(_xlfn._xlws.FILTER(INDEX(DR:DR,_xlfn.SEQUENCE(100,1,11,3)),INDEX(DR:DR,_xlfn.SEQUENCE(100,1,11,3))<>""),"")<>"")*1)} -> 0 | DS1: {=SUMPRODUCT((IFERROR(_xlfn._xlws.FILTER(INDEX(DS:DS,_xlfn.SEQUENCE(100,1,11,3)),INDEX(DS:DS,_xlfn.SEQUENCE(100,1,11,3))<>""),"")<>"")*1)} -> 0 | DT1: {=SUMPRODUCT((IFERROR(_xlfn._xlws.FILTER(INDEX(DT:DT,_xlfn.SEQUENCE(100,1,11,3)),INDEX(DT:DT,_xlfn.SEQUENCE(100,1,11,3))<>""),"")<>"")*1)} -> 0 | DU1: {=SUMPRODUCT((IFERROR(_xlfn._xlws.FILTER(INDEX(DU:DU,_xlfn.SEQUENCE(100,1,11,3)),INDEX(DU:DU,_xlfn.SEQUENCE(100,1,11,3))<>""),"")<>"")*1)} -> 0 | DV1: {=SUMPRODUCT((IFERROR(_xlfn._xlws.FILTER(INDEX(DV:DV,_xlfn.SEQUENCE(100,1,11,3)),INDEX(DV:DV,_xlfn.SEQUENCE(100,1,11,3))<>""),"")<>"")*1)} -> 0 | DW1: {=SUMPRODUCT((IFERROR(_xlfn._xlws.FILTER(INDEX(DW:DW,_xlfn.SEQUENCE(100,1,11,3)),INDEX(DW:DW,_xlfn.SEQUENCE(100,1,11,3))<>""),"")<>"")*1)} -> 0 | DX1: {=SUMPRODUCT((IFERROR(_xlfn._xlws.FILTER(INDEX(DX:DX,_xlfn.SEQUENCE(100,1,11,3)),INDEX(DX:DX,_xlfn.SEQUENCE(100,1,11,3))<>""),"")<>"")*1)} -> 0 | DY1: {=SUMPRODUCT((IFERROR(_xlfn._xlws.FILTER(INDEX(DY:DY,_xlfn.SEQUENCE(100,1,11,3)),INDEX(DY:DY,_xlfn.SEQUENCE(100,1,11,3))<>""),"")<>"")*1)} -> 0 | DZ1: {=SUMPRODUCT((IFERROR(_xlfn._xlws.FILTER(INDEX(DZ:DZ,_xlfn.SEQUENCE(100,1,11,3)),INDEX(DZ:DZ,_xlfn.SEQUENCE(100,1,11,3))<>""),"")<>"")*1)} -> 0 | EA1: {=SUMPRODUCT((IFERROR(_xlfn._xlws.FILTER(INDEX(EA:EA,_xlfn.SEQUENCE(100,1,11,3)),INDEX(EA:EA,_xlfn.SEQUENCE(100,1,11,3))<>""),"")<>"")*1)} -> 0 | EB1: {=SUMPRODUCT((IFERROR(_xlfn._xlws.FILTER(INDEX(EB:EB,_xlfn.SEQUENCE(100,1,11,3)),INDEX(EB:EB,_xlfn.SEQUENCE(100,1,11,3))<>""),"")<>"")*1)} -> 0 | EC1: {=SUMPRODUCT((IFERROR(_xlfn._xlws.FILTER(INDEX(EC:EC,_xlfn.SEQUENCE(100,1,11,3)),INDEX(EC:EC,_xlfn.SEQUENCE(100,1,11,3))<>""),"")<>"")*1)} -> 0 | ED1: {=SUMPRODUCT((IFERROR(_xlfn._xlws.FILTER(INDEX(ED:ED,_xlfn.SEQUENCE(100,1,11,3)),INDEX(ED:ED,_xlfn.SEQUENCE(100,1,11,3))<>""),"")<>"")*1)} -> 0 | EE1: {=SUMPRODUCT((IFERROR(_xlfn._xlws.FILTER(INDEX(EE:EE,_xlfn.SEQUENCE(100,1,11,3)),INDEX(EE:EE,_xlfn.SEQUENCE(100,1,11,3))<>""),"")<>"")*1)} -> 0 | EF1: {=SUMPRODUCT((IFERROR(_xlfn._xlws.FILTER(INDEX(EF:EF,_xlfn.SEQUENCE(100,1,11,3)),INDEX(EF:EF,_xlfn.SEQUENCE(100,1,11,3))<>""),"")<>"")*1)} -> 0 | EG1: {=SUMPRODUCT((IFERROR(_xlfn._xlws.FILTER(INDEX(EG:EG,_xlfn.SEQUENCE(100,1,11,3)),INDEX(EG:EG,_xlfn.SEQUENCE(100,1,11,3))<>""),"")<>"")*1)} -> 0 | EH1: {=SUMPRODUCT((IFERROR(_xlfn._xlws.FILTER(INDEX(EH:EH,_xlfn.SEQUENCE(100,1,11,3)),INDEX(EH:EH,_xlfn.SEQUENCE(100,1,11,3))<>""),"")<>"")*1)} -> 0 | EI1: {=SUMPRODUCT((IFERROR(_xlfn._xlws.FILTER(INDEX(EI:EI,_xlfn.SEQUENCE(100,1,11,3)),INDEX(EI:EI,_xlfn.SEQUENCE(100,1,11,3))<>""),"")<>"")*1)} -> 0 | EJ1: {=SUMPRODUCT((IFERROR(_xlfn._xlws.FILTER(INDEX(EJ:EJ,_xlfn.SEQUENCE(100,1,11,3)),INDEX(EJ:EJ,_xlfn.SEQUENCE(100,1,11,3))<>""),"")<>"")*1)} -> 0 | EK1: {=SUMPRODUCT((IFERROR(_xlfn._xlws.FILTER(INDEX(EK:EK,_xlfn.SEQUENCE(100,1,11,3)),INDEX(EK:EK,_xlfn.SEQUENCE(100,1,11,3))<>""),"")<>"")*1)} -> 0 | EL1: {=SUMPRODUCT((IFERROR(_xlfn._xlws.FILTER(INDEX(EL:EL,_xlfn.SEQUENCE(100,1,11,3)),INDEX(EL:EL,_xlfn.SEQUENCE(100,1,11,3))<>""),"")<>"")*1)} -> 0 | EM1: {=SUMPRODUCT((IFERROR(_xlfn._xlws.FILTER(INDEX(EM:EM,_xlfn.SEQUENCE(100,1,11,3)),INDEX(EM:EM,_xlfn.SEQUENCE(100,1,11,3))<>""),"")<>"")*1)} -> 0 | EN1: {=SUMPRODUCT((IFERROR(_xlfn._xlws.FILTER(INDEX(EN:EN,_xlfn.SEQUENCE(100,1,11,3)),INDEX(EN:EN,_xlfn.SEQUENCE(100,1,11,3))<>""),"")<>"")*1)} -> 0 | EO1: {=SUMPRODUCT((IFERROR(_xlfn._xlws.FILTER(INDEX(EO:EO,_xlfn.SEQUENCE(100,1,11,3)),INDEX(EO:EO,_xlfn.SEQUENCE(100,1,11,3))<>""),"")<>"")*1)} -> 0 | EP1: {=SUMPRODUCT((IFERROR(_xlfn._xlws.FILTER(INDEX(EP:EP,_xlfn.SEQUENCE(100,1,11,3)),INDEX(EP:EP,_xlfn.SEQUENCE(100,1,11,3))<>""),"")<>"")*1)} -> 0 | EQ1: {=SUMPRODUCT((IFERROR(_xlfn._xlws.FILTER(INDEX(EQ:EQ,_xlfn.SEQUENCE(100,1,11,3)),INDEX(EQ:EQ,_xlfn.SEQUENCE(100,1,11,3))<>""),"")<>"")*1)} -> 0 | ER1: {=SUMPRODUCT((IFERROR(_xlfn._xlws.FILTER(INDEX(ER:ER,_xlfn.SEQUENCE(100,1,11,3)),INDEX(ER:ER,_xlfn.SEQUENCE(100,1,11,3))<>""),"")<>"")*1)} -> 0 | ES1: {=SUMPRODUCT((IFERROR(_xlfn._xlws.FILTER(INDEX(ES:ES,_xlfn.SEQUENCE(100,1,11,3)),INDEX(ES:ES,_xlfn.SEQUENCE(100,1,11,3))<>""),"")<>"")*1)} -> 0 | ET1: {=SUMPRODUCT((IFERROR(_xlfn._xlws.FILTER(INDEX(ET:ET,_xlfn.SEQUENCE(100,1,11,3)),INDEX(ET:ET,_xlfn.SEQUENCE(100,1,11,3))<>""),"")<>"")*1)} -> 0 | EU1: {=SUMPRODUCT((IFERROR(_xlfn._xlws.FILTER(INDEX(EU:EU,_xlfn.SEQUENCE(100,1,11,3)),INDEX(EU:EU,_xlfn.SEQUENCE(100,1,11,3))<>""),"")<>"")*1)} -> 0 | EV1: {=SUMPRODUCT((IFERROR(_xlfn._xlws.FILTER(INDEX(EV:EV,_xlfn.SEQUENCE(100,1,11,3)),INDEX(EV:EV,_xlfn.SEQUENCE(100,1,11,3))<>""),"")<>"")*1)} -> 0 | EW1: {=SUMPRODUCT((IFERROR(_xlfn._xlws.FILTER(INDEX(EW:EW,_xlfn.SEQUENCE(100,1,11,3)),INDEX(EW:EW,_xlfn.SEQUENCE(100,1,11,3))<>""),"")<>"")*1)} -> 0 | EX1: {=SUMPRODUCT((IFERROR(_xlfn._xlws.FILTER(INDEX(EX:EX,_xlfn.SEQUENCE(100,1,11,3)),INDEX(EX:EX,_xlfn.SEQUENCE(100,1,11,3))<>""),"")<>"")*1)} -> 0 | EY1: {=SUMPRODUCT((IFERROR(_xlfn._xlws.FILTER(INDEX(EY:EY,_xlfn.SEQUENCE(100,1,11,3)),INDEX(EY:EY,_xlfn.SEQUENCE(100,1,11,3))<>""),"")<>"")*1)} -> 0 | EZ1: {=SUMPRODUCT((IFERROR(_xlfn._xlws.FILTER(INDEX(EZ:EZ,_xlfn.SEQUENCE(100,1,11,3)),INDEX(EZ:EZ,_xlfn.SEQUENCE(100,1,11,3))<>""),"")<>"")*1)} -> 0 | FA1: {=SUMPRODUCT((IFERROR(_xlfn._xlws.FILTER(INDEX(FA:FA,_xlfn.SEQUENCE(100,1,11,3)),INDEX(FA:FA,_xlfn.SEQUENCE(100,1,11,3))<>""),"")<>"")*1)} -> 0 | FB1: {=SUMPRODUCT((IFERROR(_xlfn._xlws.FILTER(INDEX(FB:FB,_xlfn.SEQUENCE(100,1,11,3)),INDEX(FB:FB,_xlfn.SEQUENCE(100,1,11,3))<>""),"")<>"")*1)} -> 0 | FC1: {=SUMPRODUCT((IFERROR(_xlfn._xlws.FILTER(INDEX(FC:FC,_xlfn.SEQUENCE(100,1,11,3)),INDEX(FC:FC,_xlfn.SEQUENCE(100,1,11,3))<>""),"")<>"")*1)} -> 0 | FD1: {=SUMPRODUCT((IFERROR(_xlfn._xlws.FILTER(INDEX(FD:FD,_xlfn.SEQUENCE(100,1,11,3)),INDEX(FD:FD,_xlfn.SEQUENCE(100,1,11,3))<>""),"")<>"")*1)} -> 0 | FE1: {=SUMPRODUCT((IFERROR(_xlfn._xlws.FILTER(INDEX(FE:FE,_xlfn.SEQUENCE(100,1,11,3)),INDEX(FE:FE,_xlfn.SEQUENCE(100,1,11,3))<>""),"")<>"")*1)} -> 0 | FF1: {=SUMPRODUCT((IFERROR(_xlfn._xlws.FILTER(INDEX(FF:FF,_xlfn.SEQUENCE(100,1,11,3)),INDEX(FF:FF,_xlfn.SEQUENCE(100,1,11,3))<>""),"")<>"")*1)} -> 0 | FG1: {=SUMPRODUCT((IFERROR(_xlfn._xlws.FILTER(INDEX(FG:FG,_xlfn.SEQUENCE(100,1,11,3)),INDEX(FG:FG,_xlfn.SEQUENCE(100,1,11,3))<>""),"")<>"")*1)} -> 0 | FH1: {=SUMPRODUCT((IFERROR(_xlfn._xlws.FILTER(INDEX(FH:FH,_xlfn.SEQUENCE(100,1,11,3)),INDEX(FH:FH,_xlfn.SEQUENCE(100,1,11,3))<>""),"")<>"")*1)} -> 0 | FI1: {=SUMPRODUCT((IFERROR(_xlfn._xlws.FILTER(INDEX(FI:FI,_xlfn.SEQUENCE(100,1,11,3)),INDEX(FI:FI,_xlfn.SEQUENCE(100,1,11,3))<>""),"")<>"")*1)} -> 0 | FJ1: {=SUMPRODUCT((IFERROR(_xlfn._xlws.FILTER(INDEX(FJ:FJ,_xlfn.SEQUENCE(100,1,11,3)),INDEX(FJ:FJ,_xlfn.SEQUENCE(100,1,11,3))<>""),"")<>"")*1)} -> 0 | FK1: {=SUMPRODUCT((IFERROR(_xlfn._xlws.FILTER(INDEX(FK:FK,_xlfn.SEQUENCE(100,1,11,3)),INDEX(FK:FK,_xlfn.SEQUENCE(100,1,11,3))<>""),"")<>"")*1)} -> 0 | FL1: {=SUMPRODUCT((IFERROR(_xlfn._xlws.FILTER(INDEX(FL:FL,_xlfn.SEQUENCE(100,1,11,3)),INDEX(FL:FL,_xlfn.SEQUENCE(100,1,11,3))<>""),"")<>"")*1)} -> 0 | FM1: {=SUMPRODUCT((IFERROR(_xlfn._xlws.FILTER(INDEX(FM:FM,_xlfn.SEQUENCE(100,1,11,3)),INDEX(FM:FM,_xlfn.SEQUENCE(100,1,11,3))<>""),"")<>"")*1)} -> 0 | FN1: {=SUMPRODUCT((IFERROR(_xlfn._xlws.FILTER(INDEX(FN:FN,_xlfn.SEQUENCE(100,1,11,3)),INDEX(FN:FN,_xlfn.SEQUENCE(100,1,11,3))<>""),"")<>"")*1)} -> 0 | FO1: {=SUMPRODUCT((IFERROR(_xlfn._xlws.FILTER(INDEX(FO:FO,_xlfn.SEQUENCE(100,1,11,3)),INDEX(FO:FO,_xlfn.SEQUENCE(100,1,11,3))<>""),"")<>"")*1)} -> 0 | FP1: {=SUMPRODUCT((IFERROR(_xlfn._xlws.FILTER(INDEX(FP:FP,_xlfn.SEQUENCE(100,1,11,3)),INDEX(FP:FP,_xlfn.SEQUENCE(100,1,11,3))<>""),"")<>"")*1)} -> 0 | FQ1: {=SUMPRODUCT((IFERROR(_xlfn._xlws.FILTER(INDEX(FQ:FQ,_xlfn.SEQUENCE(100,1,11,3)),INDEX(FQ:FQ,_xlfn.SEQUENCE(100,1,11,3))<>""),"")<>"")*1)} -> 0 | FR1: {=SUMPRODUCT((IFERROR(_xlfn._xlws.FILTER(INDEX(FR:FR,_xlfn.SEQUENCE(100,1,11,3)),INDEX(FR:FR,_xlfn.SEQUENCE(100,1,11,3))<>""),"")<>"")*1)} -> 0 | FS1: {=SUMPRODUCT((IFERROR(_xlfn._xlws.FILTER(INDEX(FS:FS,_xlfn.SEQUENCE(100,1,11,3)),INDEX(FS:FS,_xlfn.SEQUENCE(100,1,11,3))<>""),"")<>"")*1)} -> 0 | FT1: {=SUMPRODUCT((IFERROR(_xlfn._xlws.FILTER(INDEX(FT:FT,_xlfn.SEQUENCE(100,1,11,3)),INDEX(FT:FT,_xlfn.SEQUENCE(100,1,11,3))<>""),"")<>"")*1)} -> 0 | FU1: {=SUMPRODUCT((IFERROR(_xlfn._xlws.FILTER(INDEX(FU:FU,_xlfn.SEQUENCE(100,1,11,3)),INDEX(FU:FU,_xlfn.SEQUENCE(100,1,11,3))<>""),"")<>"")*1)} -> 0 | FV1: {=SUMPRODUCT((IFERROR(_xlfn._xlws.FILTER(INDEX(FV:FV,_xlfn.SEQUENCE(100,1,11,3)),INDEX(FV:FV,_xlfn.SEQUENCE(100,1,11,3))<>""),"")<>"")*1)} -> 0 | FW1: {=SUMPRODUCT((IFERROR(_xlfn._xlws.FILTER(INDEX(FW:FW,_xlfn.SEQUENCE(100,1,11,3)),INDEX(FW:FW,_xlfn.SEQUENCE(100,1,11,3))<>""),"")<>"")*1)} -> 0 | FX1: {=SUMPRODUCT((IFERROR(_xlfn._xlws.FILTER(INDEX(FX:FX,_xlfn.SEQUENCE(100,1,11,3)),INDEX(FX:FX,_xlfn.SEQUENCE(100,1,11,3))<>""),"")<>"")*1)} -> 0 | FY1: {=SUMPRODUCT((IFERROR(_xlfn._xlws.FILTER(INDEX(FY:FY,_xlfn.SEQUENCE(100,1,11,3)),INDEX(FY:FY,_xlfn.SEQUENCE(100,1,11,3))<>""),"")<>"")*1)} -> 0 | FZ1: {=SUMPRODUCT((IFERROR(_xlfn._xlws.FILTER(INDEX(FZ:FZ,_xlfn.SEQUENCE(100,1,11,3)),INDEX(FZ:FZ,_xlfn.SEQUENCE(100,1,11,3))<>""),"")<>"")*1)} -> 0 | GA1: {=SUMPRODUCT((IFERROR(_xlfn._xlws.FILTER(INDEX(GA:GA,_xlfn.SEQUENCE(100,1,11,3)),INDEX(GA:GA,_xlfn.SEQUENCE(100,1,11,3))<>""),"")<>"")*1)} -> 0 | GB1: {=SUMPRODUCT((IFERROR(_xlfn._xlws.FILTER(INDEX(GB:GB,_xlfn.SEQUENCE(100,1,11,3)),INDEX(GB:GB,_xlfn.SEQUENCE(100,1,11,3))<>""),"")<>"")*1)} -> 0 | GC1: {=SUMPRODUCT((IFERROR(_xlfn._xlws.FILTER(INDEX(GC:GC,_xlfn.SEQUENCE(100,1,11,3)),INDEX(GC:GC,_xlfn.SEQUENCE(100,1,11,3))<>""),"")<>"")*1)} -> 0 | GD1: {=SUMPRODUCT((IFERROR(_xlfn._xlws.FILTER(INDEX(GD:GD,_xlfn.SEQUENCE(100,1,11,3)),INDEX(GD:GD,_xlfn.SEQUENCE(100,1,11,3))<>""),"")<>"")*1)} -> 0 | GE1: {=SUMPRODUCT((IFERROR(_xlfn._xlws.FILTER(INDEX(GE:GE,_xlfn.SEQUENCE(100,1,11,3)),INDEX(GE:GE,_xlfn.SEQUENCE(100,1,11,3))<>""),"")<>"")*1)} -> 0 | GF1: {=SUMPRODUCT((IFERROR(_xlfn._xlws.FILTER(INDEX(GF:GF,_xlfn.SEQUENCE(100,1,11,3)),INDEX(GF:GF,_xlfn.SEQUENCE(100,1,11,3))<>""),"")<>"")*1)} -> 0 | GG1: {=SUMPRODUCT((IFERROR(_xlfn._xlws.FILTER(INDEX(GG:GG,_xlfn.SEQUENCE(100,1,11,3)),INDEX(GG:GG,_xlfn.SEQUENCE(100,1,11,3))<>""),"")<>"")*1)} -> 0 | GH1: {=SUMPRODUCT((IFERROR(_xlfn._xlws.FILTER(INDEX(GH:GH,_xlfn.SEQUENCE(100,1,11,3)),INDEX(GH:GH,_xlfn.SEQUENCE(100,1,11,3))<>""),"")<>"")*1)} -> 0 | GI1: {=SUMPRODUCT((IFERROR(_xlfn._xlws.FILTER(INDEX(GI:GI,_xlfn.SEQUENCE(100,1,11,3)),INDEX(GI:GI,_xlfn.SEQUENCE(100,1,11,3))<>""),"")<>"")*1)} -> 0 | GJ1: {=SUMPRODUCT((IFERROR(_xlfn._xlws.FILTER(INDEX(GJ:GJ,_xlfn.SEQUENCE(100,1,11,3)),INDEX(GJ:GJ,_xlfn.SEQUENCE(100,1,11,3))<>""),"")<>"")*1)} -> 0 | GK1: {=SUMPRODUCT((IFERROR(_xlfn._xlws.FILTER(INDEX(GK:GK,_xlfn.SEQUENCE(100,1,11,3)),INDEX(GK:GK,_xlfn.SEQUENCE(100,1,11,3))<>""),"")<>"")*1)} -> 0 | GL1: {=SUMPRODUCT((IFERROR(_xlfn._xlws.FILTER(INDEX(GL:GL,_xlfn.SEQUENCE(100,1,11,3)),INDEX(GL:GL,_xlfn.SEQUENCE(100,1,11,3))<>""),"")<>"")*1)} -> 0 | GM1: {=SUMPRODUCT((IFERROR(_xlfn._xlws.FILTER(INDEX(GM:GM,_xlfn.SEQUENCE(100,1,11,3)),INDEX(GM:GM,_xlfn.SEQUENCE(100,1,11,3))<>""),"")<>"")*1)} -> 0 | GN1: {=SUMPRODUCT((IFERROR(_xlfn._xlws.FILTER(INDEX(GN:GN,_xlfn.SEQUENCE(100,1,11,3)),INDEX(GN:GN,_xlfn.SEQUENCE(100,1,11,3))<>""),"")<>"")*1)} -> 0 | GO1: {=SUMPRODUCT((IFERROR(_xlfn._xlws.FILTER(INDEX(GO:GO,_xlfn.SEQUENCE(100,1,11,3)),INDEX(GO:GO,_xlfn.SEQUENCE(100,1,11,3))<>""),"")<>"")*1)} -> 0 | GP1: {=SUMPRODUCT((IFERROR(_xlfn._xlws.FILTER(INDEX(GP:GP,_xlfn.SEQUENCE(100,1,11,3)),INDEX(GP:GP,_xlfn.SEQUENCE(100,1,11,3))<>""),"")<>"")*1)} -> 0 | GQ1: {=SUMPRODUCT((IFERROR(_xlfn._xlws.FILTER(INDEX(GQ:GQ,_xlfn.SEQUENCE(100,1,11,3)),INDEX(GQ:GQ,_xlfn.SEQUENCE(100,1,11,3))<>""),"")<>"")*1)} -> 0 | GR1: {=SUMPRODUCT((IFERROR(_xlfn._xlws.FILTER(INDEX(GR:GR,_xlfn.SEQUENCE(100,1,11,3)),INDEX(GR:GR,_xlfn.SEQUENCE(100,1,11,3))<>""),"")<>"")*1)} -> 0 | GS1: {=SUMPRODUCT((IFERROR(_xlfn._xlws.FILTER(INDEX(GS:GS,_xlfn.SEQUENCE(100,1,11,3)),INDEX(GS:GS,_xlfn.SEQUENCE(100,1,11,3))<>""),"")<>"")*1)} -> 0 | GT1: {=SUMPRODUCT((IFERROR(_xlfn._xlws.FILTER(INDEX(GT:GT,_xlfn.SEQUENCE(100,1,11,3)),INDEX(GT:GT,_xlfn.SEQUENCE(100,1,11,3))<>""),"")<>"")*1)} -> 0 | GU1: {=SUMPRODUCT((IFERROR(_xlfn._xlws.FILTER(INDEX(GU:GU,_xlfn.SEQUENCE(100,1,11,3)),INDEX(GU:GU,_xlfn.SEQUENCE(100,1,11,3))<>""),"")<>"")*1)} -> 0 | GV1: {=SUMPRODUCT((IFERROR(_xlfn._xlws.FILTER(INDEX(GV:GV,_xlfn.SEQUENCE(100,1,11,3)),INDEX(GV:GV,_xlfn.SEQUENCE(100,1,11,3))<>""),"")<>"")*1)} -> 0 | GW1: {=SUMPRODUCT((IFERROR(_xlfn._xlws.FILTER(INDEX(GW:GW,_xlfn.SEQUENCE(100,1,11,3)),INDEX(GW:GW,_xlfn.SEQUENCE(100,1,11,3))<>""),"")<>"")*1)} -> 0 | GX1: {=SUMPRODUCT((IFERROR(_xlfn._xlws.FILTER(INDEX(GX:GX,_xlfn.SEQUENCE(100,1,11,3)),INDEX(GX:GX,_xlfn.SEQUENCE(100,1,11,3))<>""),"")<>"")*1)} -> 0 | GY1: {=SUMPRODUCT((IFERROR(_xlfn._xlws.FILTER(INDEX(GY:GY,_xlfn.SEQUENCE(100,1,11,3)),INDEX(GY:GY,_xlfn.SEQUENCE(100,1,11,3))<>""),"")<>"")*1)} -> 0 | GZ1: {=SUMPRODUCT((IFERROR(_xlfn._xlws.FILTER(INDEX(GZ:GZ,_xlfn.SEQUENCE(100,1,11,3)),INDEX(GZ:GZ,_xlfn.SEQUENCE(100,1,11,3))<>""),"")<>"")*1)} -> 0 | HA1: {=SUMPRODUCT((IFERROR(_xlfn._xlws.FILTER(INDEX(HA:HA,_xlfn.SEQUENCE(100,1,11,3)),INDEX(HA:HA,_xlfn.SEQUENCE(100,1,11,3))<>""),"")<>"")*1)} -> 0 | HB1: {=SUMPRODUCT((IFERROR(_xlfn._xlws.FILTER(INDEX(HB:HB,_xlfn.SEQUENCE(100,1,11,3)),INDEX(HB:HB,_xlfn.SEQUENCE(100,1,11,3))<>""),"")<>"")*1)} -> 0 | HC1: {=SUMPRODUCT((IFERROR(_xlfn._xlws.FILTER(INDEX(HC:HC,_xlfn.SEQUENCE(100,1,11,3)),INDEX(HC:HC,_xlfn.SEQUENCE(100,1,11,3))<>""),"")<>"")*1)} -> 0 | HD1: {=SUMPRODUCT((IFERROR(_xlfn._xlws.FILTER(INDEX(HD:HD,_xlfn.SEQUENCE(100,1,11,3)),INDEX(HD:HD,_xlfn.SEQUENCE(100,1,11,3))<>""),"")<>"")*1)} -> 0 | HE1: {=SUMPRODUCT((IFERROR(_xlfn._xlws.FILTER(INDEX(HE:HE,_xlfn.SEQUENCE(100,1,11,3)),INDEX(HE:HE,_xlfn.SEQUENCE(100,1,11,3))<>""),"")<>"")*1)} -> 0 | HF1: {=SUMPRODUCT((IFERROR(_xlfn._xlws.FILTER(INDEX(HF:HF,_xlfn.SEQUENCE(100,1,11,3)),INDEX(HF:HF,_xlfn.SEQUENCE(100,1,11,3))<>""),"")<>"")*1)} -> 0 | HG1: {=SUMPRODUCT((IFERROR(_xlfn._xlws.FILTER(INDEX(HG:HG,_xlfn.SEQUENCE(100,1,11,3)),INDEX(HG:HG,_xlfn.SEQUENCE(100,1,11,3))<>""),"")<>"")*1)} -> 0 | HH1: {=SUMPRODUCT((IFERROR(_xlfn._xlws.FILTER(INDEX(HH:HH,_xlfn.SEQUENCE(100,1,11,3)),INDEX(HH:HH,_xlfn.SEQUENCE(100,1,11,3))<>""),"")<>"")*1)} -> 0 | HI1: {=SUMPRODUCT((IFERROR(_xlfn._xlws.FILTER(INDEX(HI:HI,_xlfn.SEQUENCE(100,1,11,3)),INDEX(HI:HI,_xlfn.SEQUENCE(100,1,11,3))<>""),"")<>"")*1)} -> 0 | HJ1: {=SUMPRODUCT((IFERROR(_xlfn._xlws.FILTER(INDEX(HJ:HJ,_xlfn.SEQUENCE(100,1,11,3)),INDEX(HJ:HJ,_xlfn.SEQUENCE(100,1,11,3))<>""),"")<>"")*1)} -> 0 | HK1: {=SUMPRODUCT((IFERROR(_xlfn._xlws.FILTER(INDEX(HK:HK,_xlfn.SEQUENCE(100,1,11,3)),INDEX(HK:HK,_xlfn.SEQUENCE(100,1,11,3))<>""),"")<>"")*1)} -> 0 | HL1: {=SUMPRODUCT((IFERROR(_xlfn._xlws.FILTER(INDEX(HL:HL,_xlfn.SEQUENCE(100,1,11,3)),INDEX(HL:HL,_xlfn.SEQUENCE(100,1,11,3))<>""),"")<>"")*1)} -> 0 | HM1: {=SUMPRODUCT((IFERROR(_xlfn._xlws.FILTER(INDEX(HM:HM,_xlfn.SEQUENCE(100,1,11,3)),INDEX(HM:HM,_xlfn.SEQUENCE(100,1,11,3))<>""),"")<>"")*1)} -> 0 | HN1: {=SUMPRODUCT((IFERROR(_xlfn._xlws.FILTER(INDEX(HN:HN,_xlfn.SEQUENCE(100,1,11,3)),INDEX(HN:HN,_xlfn.SEQUENCE(100,1,11,3))<>""),"")<>"")*1)} -> 0 | HO1: {=SUMPRODUCT((IFERROR(_xlfn._xlws.FILTER(INDEX(HO:HO,_xlfn.SEQUENCE(100,1,11,3)),INDEX(HO:HO,_xlfn.SEQUENCE(100,1,11,3))<>""),"")<>"")*1)} -> 0 | HP1: {=SUMPRODUCT((IFERROR(_xlfn._xlws.FILTER(INDEX(HP:HP,_xlfn.SEQUENCE(100,1,11,3)),INDEX(HP:HP,_xlfn.SEQUENCE(100,1,11,3))<>""),"")<>"")*1)} -> 0 | HQ1: {=SUMPRODUCT((IFERROR(_xlfn._xlws.FILTER(INDEX(HQ:HQ,_xlfn.SEQUENCE(100,1,11,3)),INDEX(HQ:HQ,_xlfn.SEQUENCE(100,1,11,3))<>""),"")<>"")*1)} -> 0 | HR1: {=SUMPRODUCT((IFERROR(_xlfn._xlws.FILTER(INDEX(HR:HR,_xlfn.SEQUENCE(100,1,11,3)),INDEX(HR:HR,_xlfn.SEQUENCE(100,1,11,3))<>""),"")<>"")*1)} -> 0 | HS1: {=SUMPRODUCT((IFERROR(_xlfn._xlws.FILTER(INDEX(HS:HS,_xlfn.SEQUENCE(100,1,11,3)),INDEX(HS:HS,_xlfn.SEQUENCE(100,1,11,3))<>""),"")<>"")*1)} -> 0 | HT1: {=SUMPRODUCT((IFERROR(_xlfn._xlws.FILTER(INDEX(HT:HT,_xlfn.SEQUENCE(100,1,11,3)),INDEX(HT:HT,_xlfn.SEQUENCE(100,1,11,3))<>""),"")<>"")*1)} -> 0 | HU1: {=SUMPRODUCT((IFERROR(_xlfn._xlws.FILTER(INDEX(HU:HU,_xlfn.SEQUENCE(100,1,11,3)),INDEX(HU:HU,_xlfn.SEQUENCE(100,1,11,3))<>""),"")<>"")*1)} -> 0 | HV1: {=SUMPRODUCT((IFERROR(_xlfn._xlws.FILTER(INDEX(HV:HV,_xlfn.SEQUENCE(100,1,11,3)),INDEX(HV:HV,_xlfn.SEQUENCE(100,1,11,3))<>""),"")<>"")*1)} -> 0 | HW1: {=SUMPRODUCT((IFERROR(_xlfn._xlws.FILTER(INDEX(HW:HW,_xlfn.SEQUENCE(100,1,11,3)),INDEX(HW:HW,_xlfn.SEQUENCE(100,1,11,3))<>""),"")<>"")*1)} -> 0 | HX1: {=SUMPRODUCT((IFERROR(_xlfn._xlws.FILTER(INDEX(HX:HX,_xlfn.SEQUENCE(100,1,11,3)),INDEX(HX:HX,_xlfn.SEQUENCE(100,1,11,3))<>""),"")<>"")*1)} -> 0 | HY1: {=SUMPRODUCT((IFERROR(_xlfn._xlws.FILTER(INDEX(HY:HY,_xlfn.SEQUENCE(100,1,11,3)),INDEX(HY:HY,_xlfn.SEQUENCE(100,1,11,3))<>""),"")<>"")*1)} -> 0 | HZ1: {=SUMPRODUCT((IFERROR(_xlfn._xlws.FILTER(INDEX(HZ:HZ,_xlfn.SEQUENCE(100,1,11,3)),INDEX(HZ:HZ,_xlfn.SEQUENCE(100,1,11,3))<>""),"")<>"")*1)} -> 0 | IA1: {=SUMPRODUCT((IFERROR(_xlfn._xlws.FILTER(INDEX(IA:IA,_xlfn.SEQUENCE(100,1,11,3)),INDEX(IA:IA,_xlfn.SEQUENCE(100,1,11,3))<>""),"")<>"")*1)} -> 0 | IB1: {=SUMPRODUCT((IFERROR(_xlfn._xlws.FILTER(INDEX(IB:IB,_xlfn.SEQUENCE(100,1,11,3)),INDEX(IB:IB,_xlfn.SEQUENCE(100,1,11,3))<>""),"")<>"")*1)} -> 0 | IC1: {=SUMPRODUCT((IFERROR(_xlfn._xlws.FILTER(INDEX(IC:IC,_xlfn.SEQUENCE(100,1,11,3)),INDEX(IC:IC,_xlfn.SEQUENCE(100,1,11,3))<>""),"")<>"")*1)} -> 0 | ID1: {=SUMPRODUCT((IFERROR(_xlfn._xlws.FILTER(INDEX(ID:ID,_xlfn.SEQUENCE(100,1,11,3)),INDEX(ID:ID,_xlfn.SEQUENCE(100,1,11,3))<>""),"")<>"")*1)} -> 0 | IE1: {=SUMPRODUCT((IFERROR(_xlfn._xlws.FILTER(INDEX(IE:IE,_xlfn.SEQUENCE(100,1,11,3)),INDEX(IE:IE,_xlfn.SEQUENCE(100,1,11,3))<>""),"")<>"")*1)} -> 0 | IF1: {=SUMPRODUCT((IFERROR(_xlfn._xlws.FILTER(INDEX(IF:IF,_xlfn.SEQUENCE(100,1,11,3)),INDEX(IF:IF,_xlfn.SEQUENCE(100,1,11,3))<>""),"")<>"")*1)} -> 0 | IG1: {=SUMPRODUCT((IFERROR(_xlfn._xlws.FILTER(INDEX(IG:IG,_xlfn.SEQUENCE(100,1,11,3)),INDEX(IG:IG,_xlfn.SEQUENCE(100,1,11,3))<>""),"")<>"")*1)} -> 0 | IH1: {=SUMPRODUCT((IFERROR(_xlfn._xlws.FILTER(INDEX(IH:IH,_xlfn.SEQUENCE(100,1,11,3)),INDEX(IH:IH,_xlfn.SEQUENCE(100,1,11,3))<>""),"")<>"")*1)} -> 0 | II1: {=SUMPRODUCT((IFERROR(_xlfn._xlws.FILTER(INDEX(II:II,_xlfn.SEQUENCE(100,1,11,3)),INDEX(II:II,_xlfn.SEQUENCE(100,1,11,3))<>""),"")<>"")*1)} -> 0 | IJ1: {=SUMPRODUCT((IFERROR(_xlfn._xlws.FILTER(INDEX(IJ:IJ,_xlfn.SEQUENCE(100,1,11,3)),INDEX(IJ:IJ,_xlfn.SEQUENCE(100,1,11,3))<>""),"")<>"")*1)} -> 0 | IK1: {=SUMPRODUCT((IFERROR(_xlfn._xlws.FILTER(INDEX(IK:IK,_xlfn.SEQUENCE(100,1,11,3)),INDEX(IK:IK,_xlfn.SEQUENCE(100,1,11,3))<>""),"")<>"")*1)} -> 0 | IL1: {=SUMPRODUCT((IFERROR(_xlfn._xlws.FILTER(INDEX(IL:IL,_xlfn.SEQUENCE(100,1,11,3)),INDEX(IL:IL,_xlfn.SEQUENCE(100,1,11,3))<>""),"")<>"")*1)} -> 0 | IM1: {=SUMPRODUCT((IFERROR(_xlfn._xlws.FILTER(INDEX(IM:IM,_xlfn.SEQUENCE(100,1,11,3)),INDEX(IM:IM,_xlfn.SEQUENCE(100,1,11,3))<>""),"")<>"")*1)} -> 0 | IN1: {=SUMPRODUCT((IFERROR(_xlfn._xlws.FILTER(INDEX(IN:IN,_xlfn.SEQUENCE(100,1,11,3)),INDEX(IN:IN,_xlfn.SEQUENCE(100,1,11,3))<>""),"")<>"")*1)} -> 0 | IO1: {=SUMPRODUCT((IFERROR(_xlfn._xlws.FILTER(INDEX(IO:IO,_xlfn.SEQUENCE(100,1,11,3)),INDEX(IO:IO,_xlfn.SEQUENCE(100,1,11,3))<>""),"")<>"")*1)} -> 0 | IP1: {=SUMPRODUCT((IFERROR(_xlfn._xlws.FILTER(INDEX(IP:IP,_xlfn.SEQUENCE(100,1,11,3)),INDEX(IP:IP,_xlfn.SEQUENCE(100,1,11,3))<>""),"")<>"")*1)} -> 0 | IQ1: {=SUMPRODUCT((IFERROR(_xlfn._xlws.FILTER(INDEX(IQ:IQ,_xlfn.SEQUENCE(100,1,11,3)),INDEX(IQ:IQ,_xlfn.SEQUENCE(100,1,11,3))<>""),"")<>"")*1)} -> 0 | IR1: {=SUMPRODUCT((IFERROR(_xlfn._xlws.FILTER(INDEX(IR:IR,_xlfn.SEQUENCE(100,1,11,3)),INDEX(IR:IR,_xlfn.SEQUENCE(100,1,11,3))<>""),"")<>"")*1)} -> 0 | IS1: {=SUMPRODUCT((IFERROR(_xlfn._xlws.FILTER(INDEX(IS:IS,_xlfn.SEQUENCE(100,1,11,3)),INDEX(IS:IS,_xlfn.SEQUENCE(100,1,11,3))<>""),"")<>"")*1)} -> 0 | IT1: {=SUMPRODUCT((IFERROR(_xlfn._xlws.FILTER(INDEX(IT:IT,_xlfn.SEQUENCE(100,1,11,3)),INDEX(IT:IT,_xlfn.SEQUENCE(100,1,11,3))<>""),"")<>"")*1)} -> 0 | IU1: {=SUMPRODUCT((IFERROR(_xlfn._xlws.FILTER(INDEX(IU:IU,_xlfn.SEQUENCE(100,1,11,3)),INDEX(IU:IU,_xlfn.SEQUENCE(100,1,11,3))<>""),"")<>"")*1)} -> 0 | IV1: {=SUMPRODUCT((IFERROR(_xlfn._xlws.FILTER(INDEX(IV:IV,_xlfn.SEQUENCE(100,1,11,3)),INDEX(IV:IV,_xlfn.SEQUENCE(100,1,11,3))<>""),"")<>"")*1)} -> 0 | IW1: {=SUMPRODUCT((IFERROR(_xlfn._xlws.FILTER(INDEX(IW:IW,_xlfn.SEQUENCE(100,1,11,3)),INDEX(IW:IW,_xlfn.SEQUENCE(100,1,11,3))<>""),"")<>"")*1)} -> 0 | IX1: {=SUMPRODUCT((IFERROR(_xlfn._xlws.FILTER(INDEX(IX:IX,_xlfn.SEQUENCE(100,1,11,3)),INDEX(IX:IX,_xlfn.SEQUENCE(100,1,11,3))<>""),"")<>"")*1)} -> 0 | IY1: {=SUMPRODUCT((IFERROR(_xlfn._xlws.FILTER(INDEX(IY:IY,_xlfn.SEQUENCE(100,1,11,3)),INDEX(IY:IY,_xlfn.SEQUENCE(100,1,11,3))<>""),"")<>"")*1)} -> 0 | IZ1: {=SUMPRODUCT((IFERROR(_xlfn._xlws.FILTER(INDEX(IZ:IZ,_xlfn.SEQUENCE(100,1,11,3)),INDEX(IZ:IZ,_xlfn.SEQUENCE(100,1,11,3))<>""),"")<>"")*1)} -> 0 | JA1: {=SUMPRODUCT((IFERROR(_xlfn._xlws.FILTER(INDEX(JA:JA,_xlfn.SEQUENCE(100,1,11,3)),INDEX(JA:JA,_xlfn.SEQUENCE(100,1,11,3))<>""),"")<>"")*1)} -> 0 | JB1: {=SUMPRODUCT((IFERROR(_xlfn._xlws.FILTER(INDEX(JB:JB,_xlfn.SEQUENCE(100,1,11,3)),INDEX(JB:JB,_xlfn.SEQUENCE(100,1,11,3))<>""),"")<>"")*1)} -> 0 | JC1: {=SUMPRODUCT((IFERROR(_xlfn._xlws.FILTER(INDEX(JC:JC,_xlfn.SEQUENCE(100,1,11,3)),INDEX(JC:JC,_xlfn.SEQUENCE(100,1,11,3))<>""),"")<>"")*1)} -> 0 | JD1: {=SUMPRODUCT((IFERROR(_xlfn._xlws.FILTER(INDEX(JD:JD,_xlfn.SEQUENCE(100,1,11,3)),INDEX(JD:JD,_xlfn.SEQUENCE(100,1,11,3))<>""),"")<>"")*1)} -> 0 | JE1: {=SUMPRODUCT((IFERROR(_xlfn._xlws.FILTER(INDEX(JE:JE,_xlfn.SEQUENCE(100,1,11,3)),INDEX(JE:JE,_xlfn.SEQUENCE(100,1,11,3))<>""),"")<>"")*1)} -> 0 | JF1: {=SUMPRODUCT((IFERROR(_xlfn._xlws.FILTER(INDEX(JF:JF,_xlfn.SEQUENCE(100,1,11,3)),INDEX(JF:JF,_xlfn.SEQUENCE(100,1,11,3))<>""),"")<>"")*1)} -> 0 | JG1: {=SUMPRODUCT((IFERROR(_xlfn._xlws.FILTER(INDEX(JG:JG,_xlfn.SEQUENCE(100,1,11,3)),INDEX(JG:JG,_xlfn.SEQUENCE(100,1,11,3))<>""),"")<>"")*1)} -> 0 | JH1: {=SUMPRODUCT((IFERROR(_xlfn._xlws.FILTER(INDEX(JH:JH,_xlfn.SEQUENCE(100,1,11,3)),INDEX(JH:JH,_xlfn.SEQUENCE(100,1,11,3))<>""),"")<>"")*1)} -> 0 | JI1: {=SUMPRODUCT((IFERROR(_xlfn._xlws.FILTER(INDEX(JI:JI,_xlfn.SEQUENCE(100,1,11,3)),INDEX(JI:JI,_xlfn.SEQUENCE(100,1,11,3))<>""),"")<>"")*1)} -> 0 | JJ1: {=SUMPRODUCT((IFERROR(_xlfn._xlws.FILTER(INDEX(JJ:JJ,_xlfn.SEQUENCE(100,1,11,3)),INDEX(JJ:JJ,_xlfn.SEQUENCE(100,1,11,3))<>""),"")<>"")*1)} -> 0 | JK1: {=SUMPRODUCT((IFERROR(_xlfn._xlws.FILTER(INDEX(JK:JK,_xlfn.SEQUENCE(100,1,11,3)),INDEX(JK:JK,_xlfn.SEQUENCE(100,1,11,3))<>""),"")<>"")*1)} -> 0 | JL1: {=SUMPRODUCT((IFERROR(_xlfn._xlws.FILTER(INDEX(JL:JL,_xlfn.SEQUENCE(100,1,11,3)),INDEX(JL:JL,_xlfn.SEQUENCE(100,1,11,3))<>""),"")<>"")*1)} -> 0 | JM1: {=SUMPRODUCT((IFERROR(_xlfn._xlws.FILTER(INDEX(JM:JM,_xlfn.SEQUENCE(100,1,11,3)),INDEX(JM:JM,_xlfn.SEQUENCE(100,1,11,3))<>""),"")<>"")*1)} -> 0 | JN1: {=SUMPRODUCT((IFERROR(_xlfn._xlws.FILTER(INDEX(JN:JN,_xlfn.SEQUENCE(100,1,11,3)),INDEX(JN:JN,_xlfn.SEQUENCE(100,1,11,3))<>""),"")<>"")*1)} -> 0 | JO1: {=SUMPRODUCT((IFERROR(_xlfn._xlws.FILTER(INDEX(JO:JO,_xlfn.SEQUENCE(100,1,11,3)),INDEX(JO:JO,_xlfn.SEQUENCE(100,1,11,3))<>""),"")<>"")*1)} -> 0 | JP1: {=SUMPRODUCT((IFERROR(_xlfn._xlws.FILTER(INDEX(JP:JP,_xlfn.SEQUENCE(100,1,11,3)),INDEX(JP:JP,_xlfn.SEQUENCE(100,1,11,3))<>""),"")<>"")*1)} -> 0 | JQ1: {=SUMPRODUCT((IFERROR(_xlfn._xlws.FILTER(INDEX(JQ:JQ,_xlfn.SEQUENCE(100,1,11,3)),INDEX(JQ:JQ,_xlfn.SEQUENCE(100,1,11,3))<>""),"")<>"")*1)} -> 0 | JR1: {=SUMPRODUCT((IFERROR(_xlfn._xlws.FILTER(INDEX(JR:JR,_xlfn.SEQUENCE(100,1,11,3)),INDEX(JR:JR,_xlfn.SEQUENCE(100,1,11,3))<>""),"")<>"")*1)} -> 0 | JS1: {=SUMPRODUCT((IFERROR(_xlfn._xlws.FILTER(INDEX(JS:JS,_xlfn.SEQUENCE(100,1,11,3)),INDEX(JS:JS,_xlfn.SEQUENCE(100,1,11,3))<>""),"")<>"")*1)} -> 0 | JT1: {=SUMPRODUCT((IFERROR(_xlfn._xlws.FILTER(INDEX(JT:JT,_xlfn.SEQUENCE(100,1,11,3)),INDEX(JT:JT,_xlfn.SEQUENCE(100,1,11,3))<>""),"")<>"")*1)} -> 0 | JU1: {=SUMPRODUCT((IFERROR(_xlfn._xlws.FILTER(INDEX(JU:JU,_xlfn.SEQUENCE(100,1,11,3)),INDEX(JU:JU,_xlfn.SEQUENCE(100,1,11,3))<>""),"")<>"")*1)} -> 0 | JV1: {=SUMPRODUCT((IFERROR(_xlfn._xlws.FILTER(INDEX(JV:JV,_xlfn.SEQUENCE(100,1,11,3)),INDEX(JV:JV,_xlfn.SEQUENCE(100,1,11,3))<>""),"")<>"")*1)} -> 0 | JW1: {=SUMPRODUCT((IFERROR(_xlfn._xlws.FILTER(INDEX(JW:JW,_xlfn.SEQUENCE(100,1,11,3)),INDEX(JW:JW,_xlfn.SEQUENCE(100,1,11,3))<>""),"")<>"")*1)} -> 0 | JX1: {=SUMPRODUCT((IFERROR(_xlfn._xlws.FILTER(INDEX(JX:JX,_xlfn.SEQUENCE(100,1,11,3)),INDEX(JX:JX,_xlfn.SEQUENCE(100,1,11,3))<>""),"")<>"")*1)} -> 0 | JY1: {=SUMPRODUCT((IFERROR(_xlfn._xlws.FILTER(INDEX(JY:JY,_xlfn.SEQUENCE(100,1,11,3)),INDEX(JY:JY,_xlfn.SEQUENCE(100,1,11,3))<>""),"")<>"")*1)} -> 0 | JZ1: {=SUMPRODUCT((IFERROR(_xlfn._xlws.FILTER(INDEX(JZ:JZ,_xlfn.SEQUENCE(100,1,11,3)),INDEX(JZ:JZ,_xlfn.SEQUENCE(100,1,11,3))<>""),"")<>"")*1)} -> 0 | KA1: {=SUMPRODUCT((IFERROR(_xlfn._xlws.FILTER(INDEX(KA:KA,_xlfn.SEQUENCE(100,1,11,3)),INDEX(KA:KA,_xlfn.SEQUENCE(100,1,11,3))<>""),"")<>"")*1)} -> 0 | KB1: {=SUMPRODUCT((IFERROR(_xlfn._xlws.FILTER(INDEX(KB:KB,_xlfn.SEQUENCE(100,1,11,3)),INDEX(KB:KB,_xlfn.SEQUENCE(100,1,11,3))<>""),"")<>"")*1)} -> 0 | KC1: {=SUMPRODUCT((IFERROR(_xlfn._xlws.FILTER(INDEX(KC:KC,_xlfn.SEQUENCE(100,1,11,3)),INDEX(KC:KC,_xlfn.SEQUENCE(100,1,11,3))<>""),"")<>"")*1)} -> 0 | KD1: {=SUMPRODUCT((IFERROR(_xlfn._xlws.FILTER(INDEX(KD:KD,_xlfn.SEQUENCE(100,1,11,3)),INDEX(KD:KD,_xlfn.SEQUENCE(100,1,11,3))<>""),"")<>"")*1)} -> 0 | KE1: {=SUMPRODUCT((IFERROR(_xlfn._xlws.FILTER(INDEX(KE:KE,_xlfn.SEQUENCE(100,1,11,3)),INDEX(KE:KE,_xlfn.SEQUENCE(100,1,11,3))<>""),"")<>"")*1)} -> 0 | KF1: {=SUMPRODUCT((IFERROR(_xlfn._xlws.FILTER(INDEX(KF:KF,_xlfn.SEQUENCE(100,1,11,3)),INDEX(KF:KF,_xlfn.SEQUENCE(100,1,11,3))<>""),"")<>"")*1)} -> 0 | KG1: {=SUMPRODUCT((IFERROR(_xlfn._xlws.FILTER(INDEX(KG:KG,_xlfn.SEQUENCE(100,1,11,3)),INDEX(KG:KG,_xlfn.SEQUENCE(100,1,11,3))<>""),"")<>"")*1)} -> 0 | KH1: {=SUMPRODUCT((IFERROR(_xlfn._xlws.FILTER(INDEX(KH:KH,_xlfn.SEQUENCE(100,1,11,3)),INDEX(KH:KH,_xlfn.SEQUENCE(100,1,11,3))<>""),"")<>"")*1)} -> 0 | KI1: {=SUMPRODUCT((IFERROR(_xlfn._xlws.FILTER(INDEX(KI:KI,_xlfn.SEQUENCE(100,1,11,3)),INDEX(KI:KI,_xlfn.SEQUENCE(100,1,11,3))<>""),"")<>"")*1)} -> 0 | KJ1: {=SUMPRODUCT((IFERROR(_xlfn._xlws.FILTER(INDEX(KJ:KJ,_xlfn.SEQUENCE(100,1,11,3)),INDEX(KJ:KJ,_xlfn.SEQUENCE(100,1,11,3))<>""),"")<>"")*1)} -> 0 | KK1: {=SUMPRODUCT((IFERROR(_xlfn._xlws.FILTER(INDEX(KK:KK,_xlfn.SEQUENCE(100,1,11,3)),INDEX(KK:KK,_xlfn.SEQUENCE(100,1,11,3))<>""),"")<>"")*1)} -> 0 | KL1: {=SUMPRODUCT((IFERROR(_xlfn._xlws.FILTER(INDEX(KL:KL,_xlfn.SEQUENCE(100,1,11,3)),INDEX(KL:KL,_xlfn.SEQUENCE(100,1,11,3))<>""),"")<>"")*1)} -> 0 | KM1: {=SUMPRODUCT((IFERROR(_xlfn._xlws.FILTER(INDEX(KM:KM,_xlfn.SEQUENCE(100,1,11,3)),INDEX(KM:KM,_xlfn.SEQUENCE(100,1,11,3))<>""),"")<>"")*1)} -> 0 | KN1: {=SUMPRODUCT((IFERROR(_xlfn._xlws.FILTER(INDEX(KN:KN,_xlfn.SEQUENCE(100,1,11,3)),INDEX(KN:KN,_xlfn.SEQUENCE(100,1,11,3))<>""),"")<>"")*1)} -> 0 | KO1: {=SUMPRODUCT((IFERROR(_xlfn._xlws.FILTER(INDEX(KO:KO,_xlfn.SEQUENCE(100,1,11,3)),INDEX(KO:KO,_xlfn.SEQUENCE(100,1,11,3))<>""),"")<>"")*1)} -> 0 | KP1: {=SUMPRODUCT((IFERROR(_xlfn._xlws.FILTER(INDEX(KP:KP,_xlfn.SEQUENCE(100,1,11,3)),INDEX(KP:KP,_xlfn.SEQUENCE(100,1,11,3))<>""),"")<>"")*1)} -> 0 | KQ1: {=SUMPRODUCT((IFERROR(_xlfn._xlws.FILTER(INDEX(KQ:KQ,_xlfn.SEQUENCE(100,1,11,3)),INDEX(KQ:KQ,_xlfn.SEQUENCE(100,1,11,3))<>""),"")<>"")*1)} -> 0 | KR1: {=SUMPRODUCT((IFERROR(_xlfn._xlws.FILTER(INDEX(KR:KR,_xlfn.SEQUENCE(100,1,11,3)),INDEX(KR:KR,_xlfn.SEQUENCE(100,1,11,3))<>""),"")<>"")*1)} -> 0 | KS1: {=SUMPRODUCT((IFERROR(_xlfn._xlws.FILTER(INDEX(KS:KS,_xlfn.SEQUENCE(100,1,11,3)),INDEX(KS:KS,_xlfn.SEQUENCE(100,1,11,3))<>""),"")<>"")*1)} -> 0 | KT1: {=SUMPRODUCT((IFERROR(_xlfn._xlws.FILTER(INDEX(KT:KT,_xlfn.SEQUENCE(100,1,11,3)),INDEX(KT:KT,_xlfn.SEQUENCE(100,1,11,3))<>""),"")<>"")*1)} -> 0 | KU1: {=SUMPRODUCT((IFERROR(_xlfn._xlws.FILTER(INDEX(KU:KU,_xlfn.SEQUENCE(100,1,11,3)),INDEX(KU:KU,_xlfn.SEQUENCE(100,1,11,3))<>""),"")<>"")*1)} -> 0 | KV1: {=SUMPRODUCT((IFERROR(_xlfn._xlws.FILTER(INDEX(KV:KV,_xlfn.SEQUENCE(100,1,11,3)),INDEX(KV:KV,_xlfn.SEQUENCE(100,1,11,3))<>""),"")<>"")*1)} -> 0 | KW1: {=SUMPRODUCT((IFERROR(_xlfn._xlws.FILTER(INDEX(KW:KW,_xlfn.SEQUENCE(100,1,11,3)),INDEX(KW:KW,_xlfn.SEQUENCE(100,1,11,3))<>""),"")<>"")*1)} -> 0 | KX1: {=SUMPRODUCT((IFERROR(_xlfn._xlws.FILTER(INDEX(KX:KX,_xlfn.SEQUENCE(100,1,11,3)),INDEX(KX:KX,_xlfn.SEQUENCE(100,1,11,3))<>""),"")<>"")*1)} -> 0 | KY1: {=SUMPRODUCT((IFERROR(_xlfn._xlws.FILTER(INDEX(KY:KY,_xlfn.SEQUENCE(100,1,11,3)),INDEX(KY:KY,_xlfn.SEQUENCE(100,1,11,3))<>""),"")<>"")*1)} -> 0 | KZ1: {=SUMPRODUCT((IFERROR(_xlfn._xlws.FILTER(INDEX(KZ:KZ,_xlfn.SEQUENCE(100,1,11,3)),INDEX(KZ:KZ,_xlfn.SEQUENCE(100,1,11,3))<>""),"")<>"")*1)} -> 0 | LA1: {=SUMPRODUCT((IFERROR(_xlfn._xlws.FILTER(INDEX(LA:LA,_xlfn.SEQUENCE(100,1,11,3)),INDEX(LA:LA,_xlfn.SEQUENCE(100,1,11,3))<>""),"")<>"")*1)} -> 0 | LB1: {=SUMPRODUCT((IFERROR(_xlfn._xlws.FILTER(INDEX(LB:LB,_xlfn.SEQUENCE(100,1,11,3)),INDEX(LB:LB,_xlfn.SEQUENCE(100,1,11,3))<>""),"")<>"")*1)} -> 0 | LC1: {=SUMPRODUCT((IFERROR(_xlfn._xlws.FILTER(INDEX(LC:LC,_xlfn.SEQUENCE(100,1,11,3)),INDEX(LC:LC,_xlfn.SEQUENCE(100,1,11,3))<>""),"")<>"")*1)} -> 0 | LD1: {=SUMPRODUCT((IFERROR(_xlfn._xlws.FILTER(INDEX(LD:LD,_xlfn.SEQUENCE(100,1,11,3)),INDEX(LD:LD,_xlfn.SEQUENCE(100,1,11,3))<>""),"")<>"")*1)} -> 0 | LE1: {=SUMPRODUCT((IFERROR(_xlfn._xlws.FILTER(INDEX(LE:LE,_xlfn.SEQUENCE(100,1,11,3)),INDEX(LE:LE,_xlfn.SEQUENCE(100,1,11,3))<>""),"")<>"")*1)} -> 0 | LF1: {=SUMPRODUCT((IFERROR(_xlfn._xlws.FILTER(INDEX(LF:LF,_xlfn.SEQUENCE(100,1,11,3)),INDEX(LF:LF,_xlfn.SEQUENCE(100,1,11,3))<>""),"")<>"")*1)} -> 0 | LG1: {=SUMPRODUCT((IFERROR(_xlfn._xlws.FILTER(INDEX(LG:LG,_xlfn.SEQUENCE(100,1,11,3)),INDEX(LG:LG,_xlfn.SEQUENCE(100,1,11,3))<>""),"")<>"")*1)} -> 0 | LH1: {=SUMPRODUCT((IFERROR(_xlfn._xlws.FILTER(INDEX(LH:LH,_xlfn.SEQUENCE(100,1,11,3)),INDEX(LH:LH,_xlfn.SEQUENCE(100,1,11,3))<>""),"")<>"")*1)} -> 0 | LI1: {=SUMPRODUCT((IFERROR(_xlfn._xlws.FILTER(INDEX(LI:LI,_xlfn.SEQUENCE(100,1,11,3)),INDEX(LI:LI,_xlfn.SEQUENCE(100,1,11,3))<>""),"")<>"")*1)} -> 0 | LJ1: {=SUMPRODUCT((IFERROR(_xlfn._xlws.FILTER(INDEX(LJ:LJ,_xlfn.SEQUENCE(100,1,11,3)),INDEX(LJ:LJ,_xlfn.SEQUENCE(100,1,11,3))<>""),"")<>"")*1)} -> 0 | LK1: {=SUMPRODUCT((IFERROR(_xlfn._xlws.FILTER(INDEX(LK:LK,_xlfn.SEQUENCE(100,1,11,3)),INDEX(LK:LK,_xlfn.SEQUENCE(100,1,11,3))<>""),"")<>"")*1)} -> 0 | LL1: {=SUMPRODUCT((IFERROR(_xlfn._xlws.FILTER(INDEX(LL:LL,_xlfn.SEQUENCE(100,1,11,3)),INDEX(LL:LL,_xlfn.SEQUENCE(100,1,11,3))<>""),"")<>"")*1)} -> 0 | LM1: {=SUMPRODUCT((IFERROR(_xlfn._xlws.FILTER(INDEX(LM:LM,_xlfn.SEQUENCE(100,1,11,3)),INDEX(LM:LM,_xlfn.SEQUENCE(100,1,11,3))<>""),"")<>"")*1)} -> 0 | LN1: {=SUMPRODUCT((IFERROR(_xlfn._xlws.FILTER(INDEX(LN:LN,_xlfn.SEQUENCE(100,1,11,3)),INDEX(LN:LN,_xlfn.SEQUENCE(100,1,11,3))<>""),"")<>"")*1)} -> 0 | LO1: {=SUMPRODUCT((IFERROR(_xlfn._xlws.FILTER(INDEX(LO:LO,_xlfn.SEQUENCE(100,1,11,3)),INDEX(LO:LO,_xlfn.SEQUENCE(100,1,11,3))<>""),"")<>"")*1)} -> 0 | LP1: {=SUMPRODUCT((IFERROR(_xlfn._xlws.FILTER(INDEX(LP:LP,_xlfn.SEQUENCE(100,1,11,3)),INDEX(LP:LP,_xlfn.SEQUENCE(100,1,11,3))<>""),"")<>"")*1)} -> 0 | LQ1: {=SUMPRODUCT((IFERROR(_xlfn._xlws.FILTER(INDEX(LQ:LQ,_xlfn.SEQUENCE(100,1,11,3)),INDEX(LQ:LQ,_xlfn.SEQUENCE(100,1,11,3))<>""),"")<>"")*1)} -> 0 | LR1: {=SUMPRODUCT((IFERROR(_xlfn._xlws.FILTER(INDEX(LR:LR,_xlfn.SEQUENCE(100,1,11,3)),INDEX(LR:LR,_xlfn.SEQUENCE(100,1,11,3))<>""),"")<>"")*1)} -> 0 | LS1: {=SUMPRODUCT((IFERROR(_xlfn._xlws.FILTER(INDEX(LS:LS,_xlfn.SEQUENCE(100,1,11,3)),INDEX(LS:LS,_xlfn.SEQUENCE(100,1,11,3))<>""),"")<>"")*1)} -> 0 | LT1: {=SUMPRODUCT((IFERROR(_xlfn._xlws.FILTER(INDEX(LT:LT,_xlfn.SEQUENCE(100,1,11,3)),INDEX(LT:LT,_xlfn.SEQUENCE(100,1,11,3))<>""),"")<>"")*1)} -> 0 | LU1: {=SUMPRODUCT((IFERROR(_xlfn._xlws.FILTER(INDEX(LU:LU,_xlfn.SEQUENCE(100,1,11,3)),INDEX(LU:LU,_xlfn.SEQUENCE(100,1,11,3))<>""),"")<>"")*1)} -> 0 | LV1: {=SUMPRODUCT((IFERROR(_xlfn._xlws.FILTER(INDEX(LV:LV,_xlfn.SEQUENCE(100,1,11,3)),INDEX(LV:LV,_xlfn.SEQUENCE(100,1,11,3))<>""),"")<>"")*1)} -> 0 | LW1: {=SUMPRODUCT((IFERROR(_xlfn._xlws.FILTER(INDEX(LW:LW,_xlfn.SEQUENCE(100,1,11,3)),INDEX(LW:LW,_xlfn.SEQUENCE(100,1,11,3))<>""),"")<>"")*1)} -> 0 | LX1: {=SUMPRODUCT((IFERROR(_xlfn._xlws.FILTER(INDEX(LX:LX,_xlfn.SEQUENCE(100,1,11,3)),INDEX(LX:LX,_xlfn.SEQUENCE(100,1,11,3))<>""),"")<>"")*1)} -> 0 | LY1: {=SUMPRODUCT((IFERROR(_xlfn._xlws.FILTER(INDEX(LY:LY,_xlfn.SEQUENCE(100,1,11,3)),INDEX(LY:LY,_xlfn.SEQUENCE(100,1,11,3))<>""),"")<>"")*1)} -> 0 | LZ1: {=SUMPRODUCT((IFERROR(_xlfn._xlws.FILTER(INDEX(LZ:LZ,_xlfn.SEQUENCE(100,1,11,3)),INDEX(LZ:LZ,_xlfn.SEQUENCE(100,1,11,3))<>""),"")<>"")*1)} -> 0 | MA1: {=SUMPRODUCT((IFERROR(_xlfn._xlws.FILTER(INDEX(MA:MA,_xlfn.SEQUENCE(100,1,11,3)),INDEX(MA:MA,_xlfn.SEQUENCE(100,1,11,3))<>""),"")<>"")*1)} -> 0 | MB1: {=SUMPRODUCT((IFERROR(_xlfn._xlws.FILTER(INDEX(MB:MB,_xlfn.SEQUENCE(100,1,11,3)),INDEX(MB:MB,_xlfn.SEQUENCE(100,1,11,3))<>""),"")<>"")*1)} -> 0 | MC1: {=SUMPRODUCT((IFERROR(_xlfn._xlws.FILTER(INDEX(MC:MC,_xlfn.SEQUENCE(100,1,11,3)),INDEX(MC:MC,_xlfn.SEQUENCE(100,1,11,3))<>""),"")<>"")*1)} -> 0 | MD1: {=SUMPRODUCT((IFERROR(_xlfn._xlws.FILTER(INDEX(MD:MD,_xlfn.SEQUENCE(100,1,11,3)),INDEX(MD:MD,_xlfn.SEQUENCE(100,1,11,3))<>""),"")<>"")*1)} -> 0 | ME1: {=SUMPRODUCT((IFERROR(_xlfn._xlws.FILTER(INDEX(ME:ME,_xlfn.SEQUENCE(100,1,11,3)),INDEX(ME:ME,_xlfn.SEQUENCE(100,1,11,3))<>""),"")<>"")*1)} -> 0 | MF1: {=SUMPRODUCT((IFERROR(_xlfn._xlws.FILTER(INDEX(MF:MF,_xlfn.SEQUENCE(100,1,11,3)),INDEX(MF:MF,_xlfn.SEQUENCE(100,1,11,3))<>""),"")<>"")*1)} -> 0 | MG1: {=SUMPRODUCT((IFERROR(_xlfn._xlws.FILTER(INDEX(MG:MG,_xlfn.SEQUENCE(100,1,11,3)),INDEX(MG:MG,_xlfn.SEQUENCE(100,1,11,3))<>""),"")<>"")*1)} -> 0 | MH1: {=SUMPRODUCT((IFERROR(_xlfn._xlws.FILTER(INDEX(MH:MH,_xlfn.SEQUENCE(100,1,11,3)),INDEX(MH:MH,_xlfn.SEQUENCE(100,1,11,3))<>""),"")<>"")*1)} -> 0 | MI1: {=SUMPRODUCT((IFERROR(_xlfn._xlws.FILTER(INDEX(MI:MI,_xlfn.SEQUENCE(100,1,11,3)),INDEX(MI:MI,_xlfn.SEQUENCE(100,1,11,3))<>""),"")<>"")*1)} -> 0 | MJ1: {=SUMPRODUCT((IFERROR(_xlfn._xlws.FILTER(INDEX(MJ:MJ,_xlfn.SEQUENCE(100,1,11,3)),INDEX(MJ:MJ,_xlfn.SEQUENCE(100,1,11,3))<>""),"")<>"")*1)} -> 0 | MK1: {=SUMPRODUCT((IFERROR(_xlfn._xlws.FILTER(INDEX(MK:MK,_xlfn.SEQUENCE(100,1,11,3)),INDEX(MK:MK,_xlfn.SEQUENCE(100,1,11,3))<>""),"")<>"")*1)} -> 0 | ML1: {=SUMPRODUCT((IFERROR(_xlfn._xlws.FILTER(INDEX(ML:ML,_xlfn.SEQUENCE(100,1,11,3)),INDEX(ML:ML,_xlfn.SEQUENCE(100,1,11,3))<>""),"")<>"")*1)} -> 0 | MM1: {=SUMPRODUCT((IFERROR(_xlfn._xlws.FILTER(INDEX(MM:MM,_xlfn.SEQUENCE(100,1,11,3)),INDEX(MM:MM,_xlfn.SEQUENCE(100,1,11,3))<>""),"")<>"")*1)} -> 0 | MN1: {=SUMPRODUCT((IFERROR(_xlfn._xlws.FILTER(INDEX(MN:MN,_xlfn.SEQUENCE(100,1,11,3)),INDEX(MN:MN,_xlfn.SEQUENCE(100,1,11,3))<>""),"")<>"")*1)} -> 0 | MO1: {=SUMPRODUCT((IFERROR(_xlfn._xlws.FILTER(INDEX(MO:MO,_xlfn.SEQUENCE(100,1,11,3)),INDEX(MO:MO,_xlfn.SEQUENCE(100,1,11,3))<>""),"")<>"")*1)} -> 0 | MP1: {=SUMPRODUCT((IFERROR(_xlfn._xlws.FILTER(INDEX(MP:MP,_xlfn.SEQUENCE(100,1,11,3)),INDEX(MP:MP,_xlfn.SEQUENCE(100,1,11,3))<>""),"")<>"")*1)} -> 0 | MQ1: {=SUMPRODUCT((IFERROR(_xlfn._xlws.FILTER(INDEX(MQ:MQ,_xlfn.SEQUENCE(100,1,11,3)),INDEX(MQ:MQ,_xlfn.SEQUENCE(100,1,11,3))<>""),"")<>"")*1)} -> 0 | MR1: {=SUMPRODUCT((IFERROR(_xlfn._xlws.FILTER(INDEX(MR:MR,_xlfn.SEQUENCE(100,1,11,3)),INDEX(MR:MR,_xlfn.SEQUENCE(100,1,11,3))<>""),"")<>"")*1)} -> 0 | MS1: {=SUMPRODUCT((IFERROR(_xlfn._xlws.FILTER(INDEX(MS:MS,_xlfn.SEQUENCE(100,1,11,3)),INDEX(MS:MS,_xlfn.SEQUENCE(100,1,11,3))<>""),"")<>"")*1)} -> 0 | MT1: {=SUMPRODUCT((IFERROR(_xlfn._xlws.FILTER(INDEX(MT:MT,_xlfn.SEQUENCE(100,1,11,3)),INDEX(MT:MT,_xlfn.SEQUENCE(100,1,11,3))<>""),"")<>"")*1)} -> 0 | MU1: {=SUMPRODUCT((IFERROR(_xlfn._xlws.FILTER(INDEX(MU:MU,_xlfn.SEQUENCE(100,1,11,3)),INDEX(MU:MU,_xlfn.SEQUENCE(100,1,11,3))<>""),"")<>"")*1)} -> 0 | MV1: {=SUMPRODUCT((IFERROR(_xlfn._xlws.FILTER(INDEX(MV:MV,_xlfn.SEQUENCE(100,1,11,3)),INDEX(MV:MV,_xlfn.SEQUENCE(100,1,11,3))<>""),"")<>"")*1)} -> 0 | MW1: {=SUMPRODUCT((IFERROR(_xlfn._xlws.FILTER(INDEX(MW:MW,_xlfn.SEQUENCE(100,1,11,3)),INDEX(MW:MW,_xlfn.SEQUENCE(100,1,11,3))<>""),"")<>"")*1)} -> 0 | MX1: {=SUMPRODUCT((IFERROR(_xlfn._xlws.FILTER(INDEX(MX:MX,_xlfn.SEQUENCE(100,1,11,3)),INDEX(MX:MX,_xlfn.SEQUENCE(100,1,11,3))<>""),"")<>"")*1)} -> 0 | MY1: {=SUMPRODUCT((IFERROR(_xlfn._xlws.FILTER(INDEX(MY:MY,_xlfn.SEQUENCE(100,1,11,3)),INDEX(MY:MY,_xlfn.SEQUENCE(100,1,11,3))<>""),"")<>"")*1)} -> 0 | MZ1: {=SUMPRODUCT((IFERROR(_xlfn._xlws.FILTER(INDEX(MZ:MZ,_xlfn.SEQUENCE(100,1,11,3)),INDEX(MZ:MZ,_xlfn.SEQUENCE(100,1,11,3))<>""),"")<>"")*1)} -> 0 | NA1: {=SUMPRODUCT((IFERROR(_xlfn._xlws.FILTER(INDEX(NA:NA,_xlfn.SEQUENCE(100,1,11,3)),INDEX(NA:NA,_xlfn.SEQUENCE(100,1,11,3))<>""),"")<>"")*1)} -> 0 | NB1: {=SUMPRODUCT((IFERROR(_xlfn._xlws.FILTER(INDEX(NB:NB,_xlfn.SEQUENCE(100,1,11,3)),INDEX(NB:NB,_xlfn.SEQUENCE(100,1,11,3))<>""),"")<>"")*1)} -> 0 | NC1: {=SUMPRODUCT((IFERROR(_xlfn._xlws.FILTER(INDEX(NC:NC,_xlfn.SEQUENCE(100,1,11,3)),INDEX(NC:NC,_xlfn.SEQUENCE(100,1,11,3))<>""),"")<>"")*1)} -> 0 | ND1: {=SUMPRODUCT((IFERROR(_xlfn._xlws.FILTER(INDEX(ND:ND,_xlfn.SEQUENCE(100,1,11,3)),INDEX(ND:ND,_xlfn.SEQUENCE(100,1,11,3))<>""),"")<>"")*1)} -> 0 | NE1: {=SUMPRODUCT((IFERROR(_xlfn._xlws.FILTER(INDEX(NE:NE,_xlfn.SEQUENCE(100,1,11,3)),INDEX(NE:NE,_xlfn.SEQUENCE(100,1,11,3))<>""),"")<>"")*1)} -> 0 | NF1: {=SUMPRODUCT((IFERROR(_xlfn._xlws.FILTER(INDEX(NF:NF,_xlfn.SEQUENCE(100,1,11,3)),INDEX(NF:NF,_xlfn.SEQUENCE(100,1,11,3))<>""),"")<>"")*1)} -> 0 | NG1: {=SUMPRODUCT((IFERROR(_xlfn._xlws.FILTER(INDEX(NG:NG,_xlfn.SEQUENCE(100,1,11,3)),INDEX(NG:NG,_xlfn.SEQUENCE(100,1,11,3))<>""),"")<>"")*1)} -> 0 | NH1: {=SUMPRODUCT((IFERROR(_xlfn._xlws.FILTER(INDEX(NH:NH,_xlfn.SEQUENCE(100,1,11,3)),INDEX(NH:NH,_xlfn.SEQUENCE(100,1,11,3))<>""),"")<>"")*1)} -> 0 | NI1: {=SUMPRODUCT((IFERROR(_xlfn._xlws.FILTER(INDEX(NI:NI,_xlfn.SEQUENCE(100,1,11,3)),INDEX(NI:NI,_xlfn.SEQUENCE(100,1,11,3))<>""),"")<>"")*1)} -> 0 | NJ1: {=SUMPRODUCT((IFERROR(_xlfn._xlws.FILTER(INDEX(NJ:NJ,_xlfn.SEQUENCE(100,1,11,3)),INDEX(NJ:NJ,_xlfn.SEQUENCE(100,1,11,3))<>""),"")<>"")*1)} -> 0 | NK1: {=SUMPRODUCT((IFERROR(_xlfn._xlws.FILTER(INDEX(NK:NK,_xlfn.SEQUENCE(100,1,11,3)),INDEX(NK:NK,_xlfn.SEQUENCE(100,1,11,3))<>""),"")<>"")*1)} -> 0 | NL1: {=SUMPRODUCT((IFERROR(_xlfn._xlws.FILTER(INDEX(NL:NL,_xlfn.SEQUENCE(100,1,11,3)),INDEX(NL:NL,_xlfn.SEQUENCE(100,1,11,3))<>""),"")<>"")*1)} -> 0 | NM1: {=SUMPRODUCT((IFERROR(_xlfn._xlws.FILTER(INDEX(NM:NM,_xlfn.SEQUENCE(100,1,11,3)),INDEX(NM:NM,_xlfn.SEQUENCE(100,1,11,3))<>""),"")<>"")*1)} -> 0 | NN1: {=SUMPRODUCT((IFERROR(_xlfn._xlws.FILTER(INDEX(NN:NN,_xlfn.SEQUENCE(100,1,11,3)),INDEX(NN:NN,_xlfn.SEQUENCE(100,1,11,3))<>""),"")<>"")*1)} -> 0 | NO1: {=SUMPRODUCT((IFERROR(_xlfn._xlws.FILTER(INDEX(NO:NO,_xlfn.SEQUENCE(100,1,11,3)),INDEX(NO:NO,_xlfn.SEQUENCE(100,1,11,3))<>""),"")<>"")*1)} -> 0 | NP1: {=SUMPRODUCT((IFERROR(_xlfn._xlws.FILTER(INDEX(NP:NP,_xlfn.SEQUENCE(100,1,11,3)),INDEX(NP:NP,_xlfn.SEQUENCE(100,1,11,3))<>""),"")<>"")*1)} -> 0 | NQ1: {=SUMPRODUCT((IFERROR(_xlfn._xlws.FILTER(INDEX(NQ:NQ,_xlfn.SEQUENCE(100,1,11,3)),INDEX(NQ:NQ,_xlfn.SEQUENCE(100,1,11,3))<>""),"")<>"")*1)} -> 0 | NR1: {=SUMPRODUCT((IFERROR(_xlfn._xlws.FILTER(INDEX(NR:NR,_xlfn.SEQUENCE(100,1,11,3)),INDEX(NR:NR,_xlfn.SEQUENCE(100,1,11,3))<>""),"")<>"")*1)} -> 0 | NS1: {=SUMPRODUCT((IFERROR(_xlfn._xlws.FILTER(INDEX(NS:NS,_xlfn.SEQUENCE(100,1,11,3)),INDEX(NS:NS,_xlfn.SEQUENCE(100,1,11,3))<>""),"")<>"")*1)} -> 0 | NT1: {=SUMPRODUCT((IFERROR(_xlfn._xlws.FILTER(INDEX(NT:NT,_xlfn.SEQUENCE(100,1,11,3)),INDEX(NT:NT,_xlfn.SEQUENCE(100,1,11,3))<>""),"")<>"")*1)} -> 0 | NU1: {=SUMPRODUCT((IFERROR(_xlfn._xlws.FILTER(INDEX(NU:NU,_xlfn.SEQUENCE(100,1,11,3)),INDEX(NU:NU,_xlfn.SEQUENCE(100,1,11,3))<>""),"")<>"")*1)} -> 0 | NV1: {=SUMPRODUCT((IFERROR(_xlfn._xlws.FILTER(INDEX(NV:NV,_xlfn.SEQUENCE(100,1,11,3)),INDEX(NV:NV,_xlfn.SEQUENCE(100,1,11,3))<>""),"")<>"")*1)} -> 0 | NW1: {=SUMPRODUCT((IFERROR(_xlfn._xlws.FILTER(INDEX(NW:NW,_xlfn.SEQUENCE(100,1,11,3)),INDEX(NW:NW,_xlfn.SEQUENCE(100,1,11,3))<>""),"")<>"")*1)} -> 0 | NX1: {=SUMPRODUCT((IFERROR(_xlfn._xlws.FILTER(INDEX(NX:NX,_xlfn.SEQUENCE(100,1,11,3)),INDEX(NX:NX,_xlfn.SEQUENCE(100,1,11,3))<>""),"")<>"")*1)} -> 0 | NY1: {=SUMPRODUCT((IFERROR(_xlfn._xlws.FILTER(INDEX(NY:NY,_xlfn.SEQUENCE(100,1,11,3)),INDEX(NY:NY,_xlfn.SEQUENCE(100,1,11,3))<>""),"")<>"")*1)} -> 0 | NZ1: {=SUMPRODUCT((IFERROR(_xlfn._xlws.FILTER(INDEX(NZ:NZ,_xlfn.SEQUENCE(100,1,11,3)),INDEX(NZ:NZ,_xlfn.SEQUENCE(100,1,11,3))<>""),"")<>"")*1)} -> 0 | OA1: {=SUMPRODUCT((IFERROR(_xlfn._xlws.FILTER(INDEX(OA:OA,_xlfn.SEQUENCE(100,1,11,3)),INDEX(OA:OA,_xlfn.SEQUENCE(100,1,11,3))<>""),"")<>"")*1)} -> 0 | OB1: {=SUMPRODUCT((IFERROR(_xlfn._xlws.FILTER(INDEX(OB:OB,_xlfn.SEQUENCE(100,1,11,3)),INDEX(OB:OB,_xlfn.SEQUENCE(100,1,11,3))<>""),"")<>"")*1)} -> 0 | OC1: {=SUMPRODUCT((IFERROR(_xlfn._xlws.FILTER(INDEX(OC:OC,_xlfn.SEQUENCE(100,1,11,3)),INDEX(OC:OC,_xlfn.SEQUENCE(100,1,11,3))<>""),"")<>"")*1)} -> 0 | OD1: {=SUMPRODUCT((IFERROR(_xlfn._xlws.FILTER(INDEX(OD:OD,_xlfn.SEQUENCE(100,1,11,3)),INDEX(OD:OD,_xlfn.SEQUENCE(100,1,11,3))<>""),"")<>"")*1)} -> 0 | OE1: {=SUMPRODUCT((IFERROR(_xlfn._xlws.FILTER(INDEX(OE:OE,_xlfn.SEQUENCE(100,1,11,3)),INDEX(OE:OE,_xlfn.SEQUENCE(100,1,11,3))<>""),"")<>"")*1)} -> 0 | OF1: {=SUMPRODUCT((IFERROR(_xlfn._xlws.FILTER(INDEX(OF:OF,_xlfn.SEQUENCE(100,1,11,3)),INDEX(OF:OF,_xlfn.SEQUENCE(100,1,11,3))<>""),"")<>"")*1)} -> 0 | OG1: {=SUMPRODUCT((IFERROR(_xlfn._xlws.FILTER(INDEX(OG:OG,_xlfn.SEQUENCE(100,1,11,3)),INDEX(OG:OG,_xlfn.SEQUENCE(100,1,11,3))<>""),"")<>"")*1)} -> 0 | OH1: {=SUMPRODUCT((IFERROR(_xlfn._xlws.FILTER(INDEX(OH:OH,_xlfn.SEQUENCE(100,1,11,3)),INDEX(OH:OH,_xlfn.SEQUENCE(100,1,11,3))<>""),"")<>"")*1)} -> 0 | OI1: {=SUMPRODUCT((IFERROR(_xlfn._xlws.FILTER(INDEX(OI:OI,_xlfn.SEQUENCE(100,1,11,3)),INDEX(OI:OI,_xlfn.SEQUENCE(100,1,11,3))<>""),"")<>"")*1)} -> 0 | OJ1: {=SUMPRODUCT((IFERROR(_xlfn._xlws.FILTER(INDEX(OJ:OJ,_xlfn.SEQUENCE(100,1,11,3)),INDEX(OJ:OJ,_xlfn.SEQUENCE(100,1,11,3))<>""),"")<>"")*1)} -> 0 | OK1: {=SUMPRODUCT((IFERROR(_xlfn._xlws.FILTER(INDEX(OK:OK,_xlfn.SEQUENCE(100,1,11,3)),INDEX(OK:OK,_xlfn.SEQUENCE(100,1,11,3))<>""),"")<>"")*1)} -> 0 | OL1: {=SUMPRODUCT((IFERROR(_xlfn._xlws.FILTER(INDEX(OL:OL,_xlfn.SEQUENCE(100,1,11,3)),INDEX(OL:OL,_xlfn.SEQUENCE(100,1,11,3))<>""),"")<>"")*1)} -> 0 | OM1: {=SUMPRODUCT((IFERROR(_xlfn._xlws.FILTER(INDEX(OM:OM,_xlfn.SEQUENCE(100,1,11,3)),INDEX(OM:OM,_xlfn.SEQUENCE(100,1,11,3))<>""),"")<>"")*1)} -> 0 | ON1: {=SUMPRODUCT((IFERROR(_xlfn._xlws.FILTER(INDEX(ON:ON,_xlfn.SEQUENCE(100,1,11,3)),INDEX(ON:ON,_xlfn.SEQUENCE(100,1,11,3))<>""),"")<>"")*1)} -> 0 | OO1: {=SUMPRODUCT((IFERROR(_xlfn._xlws.FILTER(INDEX(OO:OO,_xlfn.SEQUENCE(100,1,11,3)),INDEX(OO:OO,_xlfn.SEQUENCE(100,1,11,3))<>""),"")<>"")*1)} -> 0 | OP1: {=SUMPRODUCT((IFERROR(_xlfn._xlws.FILTER(INDEX(OP:OP,_xlfn.SEQUENCE(100,1,11,3)),INDEX(OP:OP,_xlfn.SEQUENCE(100,1,11,3))<>""),"")<>"")*1)} -> 0 | OQ1: {=SUMPRODUCT((IFERROR(_xlfn._xlws.FILTER(INDEX(OQ:OQ,_xlfn.SEQUENCE(100,1,11,3)),INDEX(OQ:OQ,_xlfn.SEQUENCE(100,1,11,3))<>""),"")<>"")*1)} -> 0 | OR1: {=SUMPRODUCT((IFERROR(_xlfn._xlws.FILTER(INDEX(OR:OR,_xlfn.SEQUENCE(100,1,11,3)),INDEX(OR:OR,_xlfn.SEQUENCE(100,1,11,3))<>""),"")<>"")*1)} -> 0 | OS1: {=SUMPRODUCT((IFERROR(_xlfn._xlws.FILTER(INDEX(OS:OS,_xlfn.SEQUENCE(100,1,11,3)),INDEX(OS:OS,_xlfn.SEQUENCE(100,1,11,3))<>""),"")<>"")*1)} -> 0 | OT1: {=SUMPRODUCT((IFERROR(_xlfn._xlws.FILTER(INDEX(OT:OT,_xlfn.SEQUENCE(100,1,11,3)),INDEX(OT:OT,_xlfn.SEQUENCE(100,1,11,3))<>""),"")<>"")*1)} -> 0 | OU1: {=SUMPRODUCT((IFERROR(_xlfn._xlws.FILTER(INDEX(OU:OU,_xlfn.SEQUENCE(100,1,11,3)),INDEX(OU:OU,_xlfn.SEQUENCE(100,1,11,3))<>""),"")<>"")*1)} -> 0 | OV1: {=SUMPRODUCT((IFERROR(_xlfn._xlws.FILTER(INDEX(OV:OV,_xlfn.SEQUENCE(100,1,11,3)),INDEX(OV:OV,_xlfn.SEQUENCE(100,1,11,3))<>""),"")<>"")*1)} -> 0 | OW1: {=SUMPRODUCT((IFERROR(_xlfn._xlws.FILTER(INDEX(OW:OW,_xlfn.SEQUENCE(100,1,11,3)),INDEX(OW:OW,_xlfn.SEQUENCE(100,1,11,3))<>""),"")<>"")*1)} -> 0 | OX1: {=SUMPRODUCT((IFERROR(_xlfn._xlws.FILTER(INDEX(OX:OX,_xlfn.SEQUENCE(100,1,11,3)),INDEX(OX:OX,_xlfn.SEQUENCE(100,1,11,3))<>""),"")<>"")*1)} -> 0 | OY1: {=SUMPRODUCT((IFERROR(_xlfn._xlws.FILTER(INDEX(OY:OY,_xlfn.SEQUENCE(100,1,11,3)),INDEX(OY:OY,_xlfn.SEQUENCE(100,1,11,3))<>""),"")<>"")*1)} -> 0 | OZ1: {=SUMPRODUCT((IFERROR(_xlfn._xlws.FILTER(INDEX(OZ:OZ,_xlfn.SEQUENCE(100,1,11,3)),INDEX(OZ:OZ,_xlfn.SEQUENCE(100,1,11,3))<>""),"")<>"")*1)} -> 0 | PA1: {=SUMPRODUCT((IFERROR(_xlfn._xlws.FILTER(INDEX(PA:PA,_xlfn.SEQUENCE(100,1,11,3)),INDEX(PA:PA,_xlfn.SEQUENCE(100,1,11,3))<>""),"")<>"")*1)} -> 0 | PB1: {=SUMPRODUCT((IFERROR(_xlfn._xlws.FILTER(INDEX(PB:PB,_xlfn.SEQUENCE(100,1,11,3)),INDEX(PB:PB,_xlfn.SEQUENCE(100,1,11,3))<>""),"")<>"")*1)} -> 0 | PC1: {=SUMPRODUCT((IFERROR(_xlfn._xlws.FILTER(INDEX(PC:PC,_xlfn.SEQUENCE(100,1,11,3)),INDEX(PC:PC,_xlfn.SEQUENCE(100,1,11,3))<>""),"")<>"")*1)} -> 0 | PD1: {=SUMPRODUCT((IFERROR(_xlfn._xlws.FILTER(INDEX(PD:PD,_xlfn.SEQUENCE(100,1,11,3)),INDEX(PD:PD,_xlfn.SEQUENCE(100,1,11,3))<>""),"")<>"")*1)} -> 0 | PE1: {=SUMPRODUCT((IFERROR(_xlfn._xlws.FILTER(INDEX(PE:PE,_xlfn.SEQUENCE(100,1,11,3)),INDEX(PE:PE,_xlfn.SEQUENCE(100,1,11,3))<>""),"")<>"")*1)} -> 0 | PF1: {=SUMPRODUCT((IFERROR(_xlfn._xlws.FILTER(INDEX(PF:PF,_xlfn.SEQUENCE(100,1,11,3)),INDEX(PF:PF,_xlfn.SEQUENCE(100,1,11,3))<>""),"")<>"")*1)} -> 0 | PG1: {=SUMPRODUCT((IFERROR(_xlfn._xlws.FILTER(INDEX(PG:PG,_xlfn.SEQUENCE(100,1,11,3)),INDEX(PG:PG,_xlfn.SEQUENCE(100,1,11,3))<>""),"")<>"")*1)} -> 0 | PH1: {=SUMPRODUCT((IFERROR(_xlfn._xlws.FILTER(INDEX(PH:PH,_xlfn.SEQUENCE(100,1,11,3)),INDEX(PH:PH,_xlfn.SEQUENCE(100,1,11,3))<>""),"")<>"")*1)} -> 0 | PI1: {=SUMPRODUCT((IFERROR(_xlfn._xlws.FILTER(INDEX(PI:PI,_xlfn.SEQUENCE(100,1,11,3)),INDEX(PI:PI,_xlfn.SEQUENCE(100,1,11,3))<>""),"")<>"")*1)} -> 0 | PJ1: {=SUMPRODUCT((IFERROR(_xlfn._xlws.FILTER(INDEX(PJ:PJ,_xlfn.SEQUENCE(100,1,11,3)),INDEX(PJ:PJ,_xlfn.SEQUENCE(100,1,11,3))<>""),"")<>"")*1)} -> 0 | PK1: {=SUMPRODUCT((IFERROR(_xlfn._xlws.FILTER(INDEX(PK:PK,_xlfn.SEQUENCE(100,1,11,3)),INDEX(PK:PK,_xlfn.SEQUENCE(100,1,11,3))<>""),"")<>"")*1)} -> 0 | PL1: {=SUMPRODUCT((IFERROR(_xlfn._xlws.FILTER(INDEX(PL:PL,_xlfn.SEQUENCE(100,1,11,3)),INDEX(PL:PL,_xlfn.SEQUENCE(100,1,11,3))<>""),"")<>"")*1)} -> 0 | PM1: {=SUMPRODUCT((IFERROR(_xlfn._xlws.FILTER(INDEX(PM:PM,_xlfn.SEQUENCE(100,1,11,3)),INDEX(PM:PM,_xlfn.SEQUENCE(100,1,11,3))<>""),"")<>"")*1)} -> 0 | PN1: {=SUMPRODUCT((IFERROR(_xlfn._xlws.FILTER(INDEX(PN:PN,_xlfn.SEQUENCE(100,1,11,3)),INDEX(PN:PN,_xlfn.SEQUENCE(100,1,11,3))<>""),"")<>"")*1)} -> 0 | PO1: {=SUMPRODUCT((IFERROR(_xlfn._xlws.FILTER(INDEX(PO:PO,_xlfn.SEQUENCE(100,1,11,3)),INDEX(PO:PO,_xlfn.SEQUENCE(100,1,11,3))<>""),"")<>"")*1)} -> 0 | PP1: {=SUMPRODUCT((IFERROR(_xlfn._xlws.FILTER(INDEX(PP:PP,_xlfn.SEQUENCE(100,1,11,3)),INDEX(PP:PP,_xlfn.SEQUENCE(100,1,11,3))<>""),"")<>"")*1)} -> 0 | PQ1: {=SUMPRODUCT((IFERROR(_xlfn._xlws.FILTER(INDEX(PQ:PQ,_xlfn.SEQUENCE(100,1,11,3)),INDEX(PQ:PQ,_xlfn.SEQUENCE(100,1,11,3))<>""),"")<>"")*1)} -> 0 | PR1: {=SUMPRODUCT((IFERROR(_xlfn._xlws.FILTER(INDEX(PR:PR,_xlfn.SEQUENCE(100,1,11,3)),INDEX(PR:PR,_xlfn.SEQUENCE(100,1,11,3))<>""),"")<>"")*1)} -> 0 | PS1: {=SUMPRODUCT((IFERROR(_xlfn._xlws.FILTER(INDEX(PS:PS,_xlfn.SEQUENCE(100,1,11,3)),INDEX(PS:PS,_xlfn.SEQUENCE(100,1,11,3))<>""),"")<>"")*1)} -> 0 | PT1: {=SUMPRODUCT((IFERROR(_xlfn._xlws.FILTER(INDEX(PT:PT,_xlfn.SEQUENCE(100,1,11,3)),INDEX(PT:PT,_xlfn.SEQUENCE(100,1,11,3))<>""),"")<>"")*1)} -> 0 | PU1: {=SUMPRODUCT((IFERROR(_xlfn._xlws.FILTER(INDEX(PU:PU,_xlfn.SEQUENCE(100,1,11,3)),INDEX(PU:PU,_xlfn.SEQUENCE(100,1,11,3))<>""),"")<>"")*1)} -> 0 | PV1: {=SUMPRODUCT((IFERROR(_xlfn._xlws.FILTER(INDEX(PV:PV,_xlfn.SEQUENCE(100,1,11,3)),INDEX(PV:PV,_xlfn.SEQUENCE(100,1,11,3))<>""),"")<>"")*1)} -> 0 | PW1: {=SUMPRODUCT((IFERROR(_xlfn._xlws.FILTER(INDEX(PW:PW,_xlfn.SEQUENCE(100,1,11,3)),INDEX(PW:PW,_xlfn.SEQUENCE(100,1,11,3))<>""),"")<>"")*1)} -> 0 | PX1: {=SUMPRODUCT((IFERROR(_xlfn._xlws.FILTER(INDEX(PX:PX,_xlfn.SEQUENCE(100,1,11,3)),INDEX(PX:PX,_xlfn.SEQUENCE(100,1,11,3))<>""),"")<>"")*1)} -> 0 | PY1: {=SUMPRODUCT((IFERROR(_xlfn._xlws.FILTER(INDEX(PY:PY,_xlfn.SEQUENCE(100,1,11,3)),INDEX(PY:PY,_xlfn.SEQUENCE(100,1,11,3))<>""),"")<>"")*1)} -> 0 | PZ1: {=SUMPRODUCT((IFERROR(_xlfn._xlws.FILTER(INDEX(PZ:PZ,_xlfn.SEQUENCE(100,1,11,3)),INDEX(PZ:PZ,_xlfn.SEQUENCE(100,1,11,3))<>""),"")<>"")*1)} -> 0 | QA1: {=SUMPRODUCT((IFERROR(_xlfn._xlws.FILTER(INDEX(QA:QA,_xlfn.SEQUENCE(100,1,11,3)),INDEX(QA:QA,_xlfn.SEQUENCE(100,1,11,3))<>""),"")<>"")*1)} -> 0 | QB1: {=SUMPRODUCT((IFERROR(_xlfn._xlws.FILTER(INDEX(QB:QB,_xlfn.SEQUENCE(100,1,11,3)),INDEX(QB:QB,_xlfn.SEQUENCE(100,1,11,3))<>""),"")<>"")*1)} -> 0 | QC1: {=SUMPRODUCT((IFERROR(_xlfn._xlws.FILTER(INDEX(QC:QC,_xlfn.SEQUENCE(100,1,11,3)),INDEX(QC:QC,_xlfn.SEQUENCE(100,1,11,3))<>""),"")<>"")*1)} -> 0 | QD1: {=SUMPRODUCT((IFERROR(_xlfn._xlws.FILTER(INDEX(QD:QD,_xlfn.SEQUENCE(100,1,11,3)),INDEX(QD:QD,_xlfn.SEQUENCE(100,1,11,3))<>""),"")<>"")*1)} -> 0 | QE1: {=SUMPRODUCT((IFERROR(_xlfn._xlws.FILTER(INDEX(QE:QE,_xlfn.SEQUENCE(100,1,11,3)),INDEX(QE:QE,_xlfn.SEQUENCE(100,1,11,3))<>""),"")<>"")*1)} -> 0 | QF1: {=SUMPRODUCT((IFERROR(_xlfn._xlws.FILTER(INDEX(QF:QF,_xlfn.SEQUENCE(100,1,11,3)),INDEX(QF:QF,_xlfn.SEQUENCE(100,1,11,3))<>""),"")<>"")*1)} -> 0 | QG1: {=SUMPRODUCT((IFERROR(_xlfn._xlws.FILTER(INDEX(QG:QG,_xlfn.SEQUENCE(100,1,11,3)),INDEX(QG:QG,_xlfn.SEQUENCE(100,1,11,3))<>""),"")<>"")*1)} -> 0 | QH1: {=SUMPRODUCT((IFERROR(_xlfn._xlws.FILTER(INDEX(QH:QH,_xlfn.SEQUENCE(100,1,11,3)),INDEX(QH:QH,_xlfn.SEQUENCE(100,1,11,3))<>""),"")<>"")*1)} -> 0 | QI1: {=SUMPRODUCT((IFERROR(_xlfn._xlws.FILTER(INDEX(QI:QI,_xlfn.SEQUENCE(100,1,11,3)),INDEX(QI:QI,_xlfn.SEQUENCE(100,1,11,3))<>""),"")<>"")*1)} -> 0 | QJ1: {=SUMPRODUCT((IFERROR(_xlfn._xlws.FILTER(INDEX(QJ:QJ,_xlfn.SEQUENCE(100,1,11,3)),INDEX(QJ:QJ,_xlfn.SEQUENCE(100,1,11,3))<>""),"")<>"")*1)} -> 0 | QK1: {=SUMPRODUCT((IFERROR(_xlfn._xlws.FILTER(INDEX(QK:QK,_xlfn.SEQUENCE(100,1,11,3)),INDEX(QK:QK,_xlfn.SEQUENCE(100,1,11,3))<>""),"")<>"")*1)} -> 0 | QL1: {=SUMPRODUCT((IFERROR(_xlfn._xlws.FILTER(INDEX(QL:QL,_xlfn.SEQUENCE(100,1,11,3)),INDEX(QL:QL,_xlfn.SEQUENCE(100,1,11,3))<>""),"")<>"")*1)} -> 0 | QM1: {=SUMPRODUCT((IFERROR(_xlfn._xlws.FILTER(INDEX(QM:QM,_xlfn.SEQUENCE(100,1,11,3)),INDEX(QM:QM,_xlfn.SEQUENCE(100,1,11,3))<>""),"")<>"")*1)} -> 0 | QN1: {=SUMPRODUCT((IFERROR(_xlfn._xlws.FILTER(INDEX(QN:QN,_xlfn.SEQUENCE(100,1,11,3)),INDEX(QN:QN,_xlfn.SEQUENCE(100,1,11,3))<>""),"")<>"")*1)} -> 0 | QO1: {=SUMPRODUCT((IFERROR(_xlfn._xlws.FILTER(INDEX(QO:QO,_xlfn.SEQUENCE(100,1,11,3)),INDEX(QO:QO,_xlfn.SEQUENCE(100,1,11,3))<>""),"")<>"")*1)} -> 0 | QP1: {=SUMPRODUCT((IFERROR(_xlfn._xlws.FILTER(INDEX(QP:QP,_xlfn.SEQUENCE(100,1,11,3)),INDEX(QP:QP,_xlfn.SEQUENCE(100,1,11,3))<>""),"")<>"")*1)} -> 0 | QQ1: {=SUMPRODUCT((IFERROR(_xlfn._xlws.FILTER(INDEX(QQ:QQ,_xlfn.SEQUENCE(100,1,11,3)),INDEX(QQ:QQ,_xlfn.SEQUENCE(100,1,11,3))<>""),"")<>"")*1)} -> 0 | QR1: {=SUMPRODUCT((IFERROR(_xlfn._xlws.FILTER(INDEX(QR:QR,_xlfn.SEQUENCE(100,1,11,3)),INDEX(QR:QR,_xlfn.SEQUENCE(100,1,11,3))<>""),"")<>"")*1)} -> 0 | QS1: {=SUMPRODUCT((IFERROR(_xlfn._xlws.FILTER(INDEX(QS:QS,_xlfn.SEQUENCE(100,1,11,3)),INDEX(QS:QS,_xlfn.SEQUENCE(100,1,11,3))<>""),"")<>"")*1)} -> 0 | QT1: {=SUMPRODUCT((IFERROR(_xlfn._xlws.FILTER(INDEX(QT:QT,_xlfn.SEQUENCE(100,1,11,3)),INDEX(QT:QT,_xlfn.SEQUENCE(100,1,11,3))<>""),"")<>"")*1)} -> 0 | QU1: {=SUMPRODUCT((IFERROR(_xlfn._xlws.FILTER(INDEX(QU:QU,_xlfn.SEQUENCE(100,1,11,3)),INDEX(QU:QU,_xlfn.SEQUENCE(100,1,11,3))<>""),"")<>"")*1)} -> 0 | QV1: {=SUMPRODUCT((IFERROR(_xlfn._xlws.FILTER(INDEX(QV:QV,_xlfn.SEQUENCE(100,1,11,3)),INDEX(QV:QV,_xlfn.SEQUENCE(100,1,11,3))<>""),"")<>"")*1)} -> 0 | QW1: {=SUMPRODUCT((IFERROR(_xlfn._xlws.FILTER(INDEX(QW:QW,_xlfn.SEQUENCE(100,1,11,3)),INDEX(QW:QW,_xlfn.SEQUENCE(100,1,11,3))<>""),"")<>"")*1)} -> 0 | QX1: {=SUMPRODUCT((IFERROR(_xlfn._xlws.FILTER(INDEX(QX:QX,_xlfn.SEQUENCE(100,1,11,3)),INDEX(QX:QX,_xlfn.SEQUENCE(100,1,11,3))<>""),"")<>"")*1)} -> 0 | QY1: {=SUMPRODUCT((IFERROR(_xlfn._xlws.FILTER(INDEX(QY:QY,_xlfn.SEQUENCE(100,1,11,3)),INDEX(QY:QY,_xlfn.SEQUENCE(100,1,11,3))<>""),"")<>"")*1)} -> 0 | QZ1: {=SUMPRODUCT((IFERROR(_xlfn._xlws.FILTER(INDEX(QZ:QZ,_xlfn.SEQUENCE(100,1,11,3)),INDEX(QZ:QZ,_xlfn.SEQUENCE(100,1,11,3))<>""),"")<>"")*1)} -> 0 | RA1: {=SUMPRODUCT((IFERROR(_xlfn._xlws.FILTER(INDEX(RA:RA,_xlfn.SEQUENCE(100,1,11,3)),INDEX(RA:RA,_xlfn.SEQUENCE(100,1,11,3))<>""),"")<>"")*1)} -> 0 | RB1: {=SUMPRODUCT((IFERROR(_xlfn._xlws.FILTER(INDEX(RB:RB,_xlfn.SEQUENCE(100,1,11,3)),INDEX(RB:RB,_xlfn.SEQUENCE(100,1,11,3))<>""),"")<>"")*1)} -> 0 | RC1: {=SUMPRODUCT((IFERROR(_xlfn._xlws.FILTER(INDEX(RC:RC,_xlfn.SEQUENCE(100,1,11,3)),INDEX(RC:RC,_xlfn.SEQUENCE(100,1,11,3))<>""),"")<>"")*1)} -> 0 | RD1: {=SUMPRODUCT((IFERROR(_xlfn._xlws.FILTER(INDEX(RD:RD,_xlfn.SEQUENCE(100,1,11,3)),INDEX(RD:RD,_xlfn.SEQUENCE(100,1,11,3))<>""),"")<>"")*1)} -> 0 | RE1: {=SUMPRODUCT((IFERROR(_xlfn._xlws.FILTER(INDEX(RE:RE,_xlfn.SEQUENCE(100,1,11,3)),INDEX(RE:RE,_xlfn.SEQUENCE(100,1,11,3))<>""),"")<>"")*1)} -> 0 | RF1: {=SUMPRODUCT((IFERROR(_xlfn._xlws.FILTER(INDEX(RF:RF,_xlfn.SEQUENCE(100,1,11,3)),INDEX(RF:RF,_xlfn.SEQUENCE(100,1,11,3))<>""),"")<>"")*1)} -> 0 | RG1: {=SUMPRODUCT((IFERROR(_xlfn._xlws.FILTER(INDEX(RG:RG,_xlfn.SEQUENCE(100,1,11,3)),INDEX(RG:RG,_xlfn.SEQUENCE(100,1,11,3))<>""),"")<>"")*1)} -> 0 | RH1: {=SUMPRODUCT((IFERROR(_xlfn._xlws.FILTER(INDEX(RH:RH,_xlfn.SEQUENCE(100,1,11,3)),INDEX(RH:RH,_xlfn.SEQUENCE(100,1,11,3))<>""),"")<>"")*1)} -> 0 | RI1: {=SUMPRODUCT((IFERROR(_xlfn._xlws.FILTER(INDEX(RI:RI,_xlfn.SEQUENCE(100,1,11,3)),INDEX(RI:RI,_xlfn.SEQUENCE(100,1,11,3))<>""),"")<>"")*1)} -> 0 | RJ1: {=SUMPRODUCT((IFERROR(_xlfn._xlws.FILTER(INDEX(RJ:RJ,_xlfn.SEQUENCE(100,1,11,3)),INDEX(RJ:RJ,_xlfn.SEQUENCE(100,1,11,3))<>""),"")<>"")*1)} -> 0 | RK1: {=SUMPRODUCT((IFERROR(_xlfn._xlws.FILTER(INDEX(RK:RK,_xlfn.SEQUENCE(100,1,11,3)),INDEX(RK:RK,_xlfn.SEQUENCE(100,1,11,3))<>""),"")<>"")*1)} -> 0 | RL1: {=SUMPRODUCT((IFERROR(_xlfn._xlws.FILTER(INDEX(RL:RL,_xlfn.SEQUENCE(100,1,11,3)),INDEX(RL:RL,_xlfn.SEQUENCE(100,1,11,3))<>""),"")<>"")*1)} -> 0 | RM1: {=SUMPRODUCT((IFERROR(_xlfn._xlws.FILTER(INDEX(RM:RM,_xlfn.SEQUENCE(100,1,11,3)),INDEX(RM:RM,_xlfn.SEQUENCE(100,1,11,3))<>""),"")<>"")*1)} -> 0 | RN1: {=SUMPRODUCT((IFERROR(_xlfn._xlws.FILTER(INDEX(RN:RN,_xlfn.SEQUENCE(100,1,11,3)),INDEX(RN:RN,_xlfn.SEQUENCE(100,1,11,3))<>""),"")<>"")*1)} -> 0 | RO1: {=SUMPRODUCT((IFERROR(_xlfn._xlws.FILTER(INDEX(RO:RO,_xlfn.SEQUENCE(100,1,11,3)),INDEX(RO:RO,_xlfn.SEQUENCE(100,1,11,3))<>""),"")<>"")*1)} -> 0 | RP1: {=SUMPRODUCT((IFERROR(_xlfn._xlws.FILTER(INDEX(RP:RP,_xlfn.SEQUENCE(100,1,11,3)),INDEX(RP:RP,_xlfn.SEQUENCE(100,1,11,3))<>""),"")<>"")*1)} -> 0 | RQ1: {=SUMPRODUCT((IFERROR(_xlfn._xlws.FILTER(INDEX(RQ:RQ,_xlfn.SEQUENCE(100,1,11,3)),INDEX(RQ:RQ,_xlfn.SEQUENCE(100,1,11,3))<>""),"")<>"")*1)} -> 0 | RR1: {=SUMPRODUCT((IFERROR(_xlfn._xlws.FILTER(INDEX(RR:RR,_xlfn.SEQUENCE(100,1,11,3)),INDEX(RR:RR,_xlfn.SEQUENCE(100,1,11,3))<>""),"")<>"")*1)} -> 0 | RS1: {=SUMPRODUCT((IFERROR(_xlfn._xlws.FILTER(INDEX(RS:RS,_xlfn.SEQUENCE(100,1,11,3)),INDEX(RS:RS,_xlfn.SEQUENCE(100,1,11,3))<>""),"")<>"")*1)} -> 0 | RT1: {=SUMPRODUCT((IFERROR(_xlfn._xlws.FILTER(INDEX(RT:RT,_xlfn.SEQUENCE(100,1,11,3)),INDEX(RT:RT,_xlfn.SEQUENCE(100,1,11,3))<>""),"")<>"")*1)} -> 0 | RU1: {=SUMPRODUCT((IFERROR(_xlfn._xlws.FILTER(INDEX(RU:RU,_xlfn.SEQUENCE(100,1,11,3)),INDEX(RU:RU,_xlfn.SEQUENCE(100,1,11,3))<>""),"")<>"")*1)} -> 0 | RV1: {=SUMPRODUCT((IFERROR(_xlfn._xlws.FILTER(INDEX(RV:RV,_xlfn.SEQUENCE(100,1,11,3)),INDEX(RV:RV,_xlfn.SEQUENCE(100,1,11,3))<>""),"")<>"")*1)} -> 0 | RW1: {=SUMPRODUCT((IFERROR(_xlfn._xlws.FILTER(INDEX(RW:RW,_xlfn.SEQUENCE(100,1,11,3)),INDEX(RW:RW,_xlfn.SEQUENCE(100,1,11,3))<>""),"")<>"")*1)} -> 0 | RX1: {=SUMPRODUCT((IFERROR(_xlfn._xlws.FILTER(INDEX(RX:RX,_xlfn.SEQUENCE(100,1,11,3)),INDEX(RX:RX,_xlfn.SEQUENCE(100,1,11,3))<>""),"")<>"")*1)} -> 0 | RY1: {=SUMPRODUCT((IFERROR(_xlfn._xlws.FILTER(INDEX(RY:RY,_xlfn.SEQUENCE(100,1,11,3)),INDEX(RY:RY,_xlfn.SEQUENCE(100,1,11,3))<>""),"")<>"")*1)} -> 0 | RZ1: {=SUMPRODUCT((IFERROR(_xlfn._xlws.FILTER(INDEX(RZ:RZ,_xlfn.SEQUENCE(100,1,11,3)),INDEX(RZ:RZ,_xlfn.SEQUENCE(100,1,11,3))<>""),"")<>"")*1)} -> 0 | SA1: {=SUMPRODUCT((IFERROR(_xlfn._xlws.FILTER(INDEX(SA:SA,_xlfn.SEQUENCE(100,1,11,3)),INDEX(SA:SA,_xlfn.SEQUENCE(100,1,11,3))<>""),"")<>"")*1)} -> 0 | SB1: {=SUMPRODUCT((IFERROR(_xlfn._xlws.FILTER(INDEX(SB:SB,_xlfn.SEQUENCE(100,1,11,3)),INDEX(SB:SB,_xlfn.SEQUENCE(100,1,11,3))<>""),"")<>"")*1)} -> 0 | SC1: {=SUMPRODUCT((IFERROR(_xlfn._xlws.FILTER(INDEX(SC:SC,_xlfn.SEQUENCE(100,1,11,3)),INDEX(SC:SC,_xlfn.SEQUENCE(100,1,11,3))<>""),"")<>"")*1)} -> 0 | SD1: {=SUMPRODUCT((IFERROR(_xlfn._xlws.FILTER(INDEX(SD:SD,_xlfn.SEQUENCE(100,1,11,3)),INDEX(SD:SD,_xlfn.SEQUENCE(100,1,11,3))<>""),"")<>"")*1)} -> 0 | SE1: {=SUMPRODUCT((IFERROR(_xlfn._xlws.FILTER(INDEX(SE:SE,_xlfn.SEQUENCE(100,1,11,3)),INDEX(SE:SE,_xlfn.SEQUENCE(100,1,11,3))<>""),"")<>"")*1)} -> 0 | SF1: {=SUMPRODUCT((IFERROR(_xlfn._xlws.FILTER(INDEX(SF:SF,_xlfn.SEQUENCE(100,1,11,3)),INDEX(SF:SF,_xlfn.SEQUENCE(100,1,11,3))<>""),"")<>"")*1)} -> 0 | SG1: {=SUMPRODUCT((IFERROR(_xlfn._xlws.FILTER(INDEX(SG:SG,_xlfn.SEQUENCE(100,1,11,3)),INDEX(SG:SG,_xlfn.SEQUENCE(100,1,11,3))<>""),"")<>"")*1)} -> 0 | SH1: {=SUMPRODUCT((IFERROR(_xlfn._xlws.FILTER(INDEX(SH:SH,_xlfn.SEQUENCE(100,1,11,3)),INDEX(SH:SH,_xlfn.SEQUENCE(100,1,11,3))<>""),"")<>"")*1)} -> 0 | SI1: {=SUMPRODUCT((IFERROR(_xlfn._xlws.FILTER(INDEX(SI:SI,_xlfn.SEQUENCE(100,1,11,3)),INDEX(SI:SI,_xlfn.SEQUENCE(100,1,11,3))<>""),"")<>"")*1)} -> 0 | SJ1: {=SUMPRODUCT((IFERROR(_xlfn._xlws.FILTER(INDEX(SJ:SJ,_xlfn.SEQUENCE(100,1,11,3)),INDEX(SJ:SJ,_xlfn.SEQUENCE(100,1,11,3))<>""),"")<>"")*1)} -> 0 | SK1: {=SUMPRODUCT((IFERROR(_xlfn._xlws.FILTER(INDEX(SK:SK,_xlfn.SEQUENCE(100,1,11,3)),INDEX(SK:SK,_xlfn.SEQUENCE(100,1,11,3))<>""),"")<>"")*1)} -> 0 | SL1: {=SUMPRODUCT((IFERROR(_xlfn._xlws.FILTER(INDEX(SL:SL,_xlfn.SEQUENCE(100,1,11,3)),INDEX(SL:SL,_xlfn.SEQUENCE(100,1,11,3))<>""),"")<>"")*1)} -> 0 | SM1: {=SUMPRODUCT((IFERROR(_xlfn._xlws.FILTER(INDEX(SM:SM,_xlfn.SEQUENCE(100,1,11,3)),INDEX(SM:SM,_xlfn.SEQUENCE(100,1,11,3))<>""),"")<>"")*1)} -> 0 | SN1: {=SUMPRODUCT((IFERROR(_xlfn._xlws.FILTER(INDEX(SN:SN,_xlfn.SEQUENCE(100,1,11,3)),INDEX(SN:SN,_xlfn.SEQUENCE(100,1,11,3))<>""),"")<>"")*1)} -> 0 | SO1: {=SUMPRODUCT((IFERROR(_xlfn._xlws.FILTER(INDEX(SO:SO,_xlfn.SEQUENCE(100,1,11,3)),INDEX(SO:SO,_xlfn.SEQUENCE(100,1,11,3))<>""),"")<>"")*1)} -> 0 | SP1: {=SUMPRODUCT((IFERROR(_xlfn._xlws.FILTER(INDEX(SP:SP,_xlfn.SEQUENCE(100,1,11,3)),INDEX(SP:SP,_xlfn.SEQUENCE(100,1,11,3))<>""),"")<>"")*1)} -> 0 | SQ1: {=SUMPRODUCT((IFERROR(_xlfn._xlws.FILTER(INDEX(SQ:SQ,_xlfn.SEQUENCE(100,1,11,3)),INDEX(SQ:SQ,_xlfn.SEQUENCE(100,1,11,3))<>""),"")<>"")*1)} -> 0 | SR1: {=SUMPRODUCT((IFERROR(_xlfn._xlws.FILTER(INDEX(SR:SR,_xlfn.SEQUENCE(100,1,11,3)),INDEX(SR:SR,_xlfn.SEQUENCE(100,1,11,3))<>""),"")<>"")*1)} -> 0
A2: 品番 | C2: 50136-01211 | K2: 品証検査数 | L2: {=SUMPRODUCT((IFERROR(_xlfn._xlws.FILTER(INDEX(L:L,_xlfn.SEQUENCE(100,1,12,3)),INDEX(L:L,_xlfn.SEQUENCE(100,1,12,3))<>""),"")<>"")*1)} -> 0 | M2: {=SUMPRODUCT((IFERROR(_xlfn._xlws.FILTER(INDEX(M:M,_xlfn.SEQUENCE(100,1,12,3)),INDEX(M:M,_xlfn.SEQUENCE(100,1,12,3))<>""),"")<>"")*1)} -> 0 | N2: {=SUMPRODUCT((IFERROR(_xlfn._xlws.FILTER(INDEX(N:N,_xlfn.SEQUENCE(100,1,12,3)),INDEX(N:N,_xlfn.SEQUENCE(100,1,12,3))<>""),"")<>"")*1)} -> 0 | O2: {=SUMPRODUCT((IFERROR(_xlfn._xlws.FILTER(INDEX(O:O,_xlfn.SEQUENCE(100,1,12,3)),INDEX(O:O,_xlfn.SEQUENCE(100,1,12,3))<>""),"")<>"")*1)} -> 0 | P2: {=SUMPRODUCT((IFERROR(_xlfn._xlws.FILTER(INDEX(P:P,_xlfn.SEQUENCE(100,1,12,3)),INDEX(P:P,_xlfn.SEQUENCE(100,1,12,3))<>""),"")<>"")*1)} -> 0 | Q2: {=SUMPRODUCT((IFERROR(_xlfn._xlws.FILTER(INDEX(Q:Q,_xlfn.SEQUENCE(100,1,12,3)),INDEX(Q:Q,_xlfn.SEQUENCE(100,1,12,3))<>""),"")<>"")*1)} -> 0 | R2: {=SUMPRODUCT((IFERROR(_xlfn._xlws.FILTER(INDEX(R:R,_xlfn.SEQUENCE(100,1,12,3)),INDEX(R:R,_xlfn.SEQUENCE(100,1,12,3))<>""),"")<>"")*1)} -> 0 | S2: {=SUMPRODUCT((IFERROR(_xlfn._xlws.FILTER(INDEX(S:S,_xlfn.SEQUENCE(100,1,12,3)),INDEX(S:S,_xlfn.SEQUENCE(100,1,12,3))<>""),"")<>"")*1)} -> 0 | T2: {=SUMPRODUCT((IFERROR(_xlfn._xlws.FILTER(INDEX(T:T,_xlfn.SEQUENCE(100,1,12,3)),INDEX(T:T,_xlfn.SEQUENCE(100,1,12,3))<>""),"")<>"")*1)} -> 0 | U2: {=SUMPRODUCT((IFERROR(_xlfn._xlws.FILTER(INDEX(U:U,_xlfn.SEQUENCE(100,1,12,3)),INDEX(U:U,_xlfn.SEQUENCE(100,1,12,3))<>""),"")<>"")*1)} -> 0 | V2: {=SUMPRODUCT((IFERROR(_xlfn._xlws.FILTER(INDEX(V:V,_xlfn.SEQUENCE(100,1,12,3)),INDEX(V:V,_xlfn.SEQUENCE(100,1,12,3))<>""),"")<>"")*1)} -> 0 | W2: {=SUMPRODUCT((IFERROR(_xlfn._xlws.FILTER(INDEX(W:W,_xlfn.SEQUENCE(100,1,12,3)),INDEX(W:W,_xlfn.SEQUENCE(100,1,12,3))<>""),"")<>"")*1)} -> 0 | X2: {=SUMPRODUCT((IFERROR(_xlfn._xlws.FILTER(INDEX(X:X,_xlfn.SEQUENCE(100,1,12,3)),INDEX(X:X,_xlfn.SEQUENCE(100,1,12,3))<>""),"")<>"")*1)} -> 0 | Y2: {=SUMPRODUCT((IFERROR(_xlfn._xlws.FILTER(INDEX(Y:Y,_xlfn.SEQUENCE(100,1,12,3)),INDEX(Y:Y,_xlfn.SEQUENCE(100,1,12,3))<>""),"")<>"")*1)} -> 0 | Z2: {=SUMPRODUCT((IFERROR(_xlfn._xlws.FILTER(INDEX(Z:Z,_xlfn.SEQUENCE(100,1,12,3)),INDEX(Z:Z,_xlfn.SEQUENCE(100,1,12,3))<>""),"")<>"")*1)} -> 0 | AA2: {=SUMPRODUCT((IFERROR(_xlfn._xlws.FILTER(INDEX(AA:AA,_xlfn.SEQUENCE(100,1,12,3)),INDEX(AA:AA,_xlfn.SEQUENCE(100,1,12,3))<>""),"")<>"")*1)} -> 0 | AB2: {=SUMPRODUCT((IFERROR(_xlfn._xlws.FILTER(INDEX(AB:AB,_xlfn.SEQUENCE(100,1,12,3)),INDEX(AB:AB,_xlfn.SEQUENCE(100,1,12,3))<>""),"")<>"")*1)} -> 0 | AC2: {=SUMPRODUCT((IFERROR(_xlfn._xlws.FILTER(INDEX(AC:AC,_xlfn.SEQUENCE(100,1,12,3)),INDEX(AC:AC,_xlfn.SEQUENCE(100,1,12,3))<>""),"")<>"")*1)} -> 0 | AD2: {=SUMPRODUCT((IFERROR(_xlfn._xlws.FILTER(INDEX(AD:AD,_xlfn.SEQUENCE(100,1,12,3)),INDEX(AD:AD,_xlfn.SEQUENCE(100,1,12,3))<>""),"")<>"")*1)} -> 0 | AE2: {=SUMPRODUCT((IFERROR(_xlfn._xlws.FILTER(INDEX(AE:AE,_xlfn.SEQUENCE(100,1,12,3)),INDEX(AE:AE,_xlfn.SEQUENCE(100,1,12,3))<>""),"")<>"")*1)} -> 0 | AF2: {=SUMPRODUCT((IFERROR(_xlfn._xlws.FILTER(INDEX(AF:AF,_xlfn.SEQUENCE(100,1,12,3)),INDEX(AF:AF,_xlfn.SEQUENCE(100,1,12,3))<>""),"")<>"")*1)} -> 0 | AG2: {=SUMPRODUCT((IFERROR(_xlfn._xlws.FILTER(INDEX(AG:AG,_xlfn.SEQUENCE(100,1,12,3)),INDEX(AG:AG,_xlfn.SEQUENCE(100,1,12,3))<>""),"")<>"")*1)} -> 0 | AH2: {=SUMPRODUCT((IFERROR(_xlfn._xlws.FILTER(INDEX(AH:AH,_xlfn.SEQUENCE(100,1,12,3)),INDEX(AH:AH,_xlfn.SEQUENCE(100,1,12,3))<>""),"")<>"")*1)} -> 0 | AI2: {=SUMPRODUCT((IFERROR(_xlfn._xlws.FILTER(INDEX(AI:AI,_xlfn.SEQUENCE(100,1,12,3)),INDEX(AI:AI,_xlfn.SEQUENCE(100,1,12,3))<>""),"")<>"")*1)} -> 0 | AJ2: {=SUMPRODUCT((IFERROR(_xlfn._xlws.FILTER(INDEX(AJ:AJ,_xlfn.SEQUENCE(100,1,12,3)),INDEX(AJ:AJ,_xlfn.SEQUENCE(100,1,12,3))<>""),"")<>"")*1)} -> 0 | AK2: {=SUMPRODUCT((IFERROR(_xlfn._xlws.FILTER(INDEX(AK:AK,_xlfn.SEQUENCE(100,1,12,3)),INDEX(AK:AK,_xlfn.SEQUENCE(100,1,12,3))<>""),"")<>"")*1)} -> 0 | AL2: {=SUMPRODUCT((IFERROR(_xlfn._xlws.FILTER(INDEX(AL:AL,_xlfn.SEQUENCE(100,1,12,3)),INDEX(AL:AL,_xlfn.SEQUENCE(100,1,12,3))<>""),"")<>"")*1)} -> 0 | AM2: {=SUMPRODUCT((IFERROR(_xlfn._xlws.FILTER(INDEX(AM:AM,_xlfn.SEQUENCE(100,1,12,3)),INDEX(AM:AM,_xlfn.SEQUENCE(100,1,12,3))<>""),"")<>"")*1)} -> 0 | AN2: {=SUMPRODUCT((IFERROR(_xlfn._xlws.FILTER(INDEX(AN:AN,_xlfn.SEQUENCE(100,1,12,3)),INDEX(AN:AN,_xlfn.SEQUENCE(100,1,12,3))<>""),"")<>"")*1)} -> 0 | AO2: {=SUMPRODUCT((IFERROR(_xlfn._xlws.FILTER(INDEX(AO:AO,_xlfn.SEQUENCE(100,1,12,3)),INDEX(AO:AO,_xlfn.SEQUENCE(100,1,12,3))<>""),"")<>"")*1)} -> 0 | AP2: {=SUMPRODUCT((IFERROR(_xlfn._xlws.FILTER(INDEX(AP:AP,_xlfn.SEQUENCE(100,1,12,3)),INDEX(AP:AP,_xlfn.SEQUENCE(100,1,12,3))<>""),"")<>"")*1)} -> 0 | AQ2: {=SUMPRODUCT((IFERROR(_xlfn._xlws.FILTER(INDEX(AQ:AQ,_xlfn.SEQUENCE(100,1,12,3)),INDEX(AQ:AQ,_xlfn.SEQUENCE(100,1,12,3))<>""),"")<>"")*1)} -> 0 | AR2: {=SUMPRODUCT((IFERROR(_xlfn._xlws.FILTER(INDEX(AR:AR,_xlfn.SEQUENCE(100,1,12,3)),INDEX(AR:AR,_xlfn.SEQUENCE(100,1,12,3))<>""),"")<>"")*1)} -> 0 | AS2: {=SUMPRODUCT((IFERROR(_xlfn._xlws.FILTER(INDEX(AS:AS,_xlfn.SEQUENCE(100,1,12,3)),INDEX(AS:AS,_xlfn.SEQUENCE(100,1,12,3))<>""),"")<>"")*1)} -> 0 | AT2: {=SUMPRODUCT((IFERROR(_xlfn._xlws.FILTER(INDEX(AT:AT,_xlfn.SEQUENCE(100,1,12,3)),INDEX(AT:AT,_xlfn.SEQUENCE(100,1,12,3))<>""),"")<>"")*1)} -> 0 | AU2: {=SUMPRODUCT((IFERROR(_xlfn._xlws.FILTER(INDEX(AU:AU,_xlfn.SEQUENCE(100,1,12,3)),INDEX(AU:AU,_xlfn.SEQUENCE(100,1,12,3))<>""),"")<>"")*1)} -> 0 | AV2: {=SUMPRODUCT((IFERROR(_xlfn._xlws.FILTER(INDEX(AV:AV,_xlfn.SEQUENCE(100,1,12,3)),INDEX(AV:AV,_xlfn.SEQUENCE(100,1,12,3))<>""),"")<>"")*1)} -> 0 | AW2: {=SUMPRODUCT((IFERROR(_xlfn._xlws.FILTER(INDEX(AW:AW,_xlfn.SEQUENCE(100,1,12,3)),INDEX(AW:AW,_xlfn.SEQUENCE(100,1,12,3))<>""),"")<>"")*1)} -> 0 | AX2: {=SUMPRODUCT((IFERROR(_xlfn._xlws.FILTER(INDEX(AX:AX,_xlfn.SEQUENCE(100,1,12,3)),INDEX(AX:AX,_xlfn.SEQUENCE(100,1,12,3))<>""),"")<>"")*1)} -> 0 | AY2: {=SUMPRODUCT((IFERROR(_xlfn._xlws.FILTER(INDEX(AY:AY,_xlfn.SEQUENCE(100,1,12,3)),INDEX(AY:AY,_xlfn.SEQUENCE(100,1,12,3))<>""),"")<>"")*1)} -> 0 | AZ2: {=SUMPRODUCT((IFERROR(_xlfn._xlws.FILTER(INDEX(AZ:AZ,_xlfn.SEQUENCE(100,1,12,3)),INDEX(AZ:AZ,_xlfn.SEQUENCE(100,1,12,3))<>""),"")<>"")*1)} -> 0 | BA2: {=SUMPRODUCT((IFERROR(_xlfn._xlws.FILTER(INDEX(BA:BA,_xlfn.SEQUENCE(100,1,12,3)),INDEX(BA:BA,_xlfn.SEQUENCE(100,1,12,3))<>""),"")<>"")*1)} -> 0 | BB2: {=SUMPRODUCT((IFERROR(_xlfn._xlws.FILTER(INDEX(BB:BB,_xlfn.SEQUENCE(100,1,12,3)),INDEX(BB:BB,_xlfn.SEQUENCE(100,1,12,3))<>""),"")<>"")*1)} -> 0 | BC2: {=SUMPRODUCT((IFERROR(_xlfn._xlws.FILTER(INDEX(BC:BC,_xlfn.SEQUENCE(100,1,12,3)),INDEX(BC:BC,_xlfn.SEQUENCE(100,1,12,3))<>""),"")<>"")*1)} -> 0 | BD2: {=SUMPRODUCT((IFERROR(_xlfn._xlws.FILTER(INDEX(BD:BD,_xlfn.SEQUENCE(100,1,12,3)),INDEX(BD:BD,_xlfn.SEQUENCE(100,1,12,3))<>""),"")<>"")*1)} -> 0 | BE2: {=SUMPRODUCT((IFERROR(_xlfn._xlws.FILTER(INDEX(BE:BE,_xlfn.SEQUENCE(100,1,12,3)),INDEX(BE:BE,_xlfn.SEQUENCE(100,1,12,3))<>""),"")<>"")*1)} -> 0 | BF2: {=SUMPRODUCT((IFERROR(_xlfn._xlws.FILTER(INDEX(BF:BF,_xlfn.SEQUENCE(100,1,12,3)),INDEX(BF:BF,_xlfn.SEQUENCE(100,1,12,3))<>""),"")<>"")*1)} -> 0 | BG2: {=SUMPRODUCT((IFERROR(_xlfn._xlws.FILTER(INDEX(BG:BG,_xlfn.SEQUENCE(100,1,12,3)),INDEX(BG:BG,_xlfn.SEQUENCE(100,1,12,3))<>""),"")<>"")*1)} -> 0 | BH2: {=SUMPRODUCT((IFERROR(_xlfn._xlws.FILTER(INDEX(BH:BH,_xlfn.SEQUENCE(100,1,12,3)),INDEX(BH:BH,_xlfn.SEQUENCE(100,1,12,3))<>""),"")<>"")*1)} -> 0 | BI2: {=SUMPRODUCT((IFERROR(_xlfn._xlws.FILTER(INDEX(BI:BI,_xlfn.SEQUENCE(100,1,12,3)),INDEX(BI:BI,_xlfn.SEQUENCE(100,1,12,3))<>""),"")<>"")*1)} -> 0 | BJ2: {=SUMPRODUCT((IFERROR(_xlfn._xlws.FILTER(INDEX(BJ:BJ,_xlfn.SEQUENCE(100,1,12,3)),INDEX(BJ:BJ,_xlfn.SEQUENCE(100,1,12,3))<>""),"")<>"")*1)} -> 0 | BK2: {=SUMPRODUCT((IFERROR(_xlfn._xlws.FILTER(INDEX(BK:BK,_xlfn.SEQUENCE(100,1,12,3)),INDEX(BK:BK,_xlfn.SEQUENCE(100,1,12,3))<>""),"")<>"")*1)} -> 0 | BL2: {=SUMPRODUCT((IFERROR(_xlfn._xlws.FILTER(INDEX(BL:BL,_xlfn.SEQUENCE(100,1,12,3)),INDEX(BL:BL,_xlfn.SEQUENCE(100,1,12,3))<>""),"")<>"")*1)} -> 0 | BM2: {=SUMPRODUCT((IFERROR(_xlfn._xlws.FILTER(INDEX(BM:BM,_xlfn.SEQUENCE(100,1,12,3)),INDEX(BM:BM,_xlfn.SEQUENCE(100,1,12,3))<>""),"")<>"")*1)} -> 0 | BN2: {=SUMPRODUCT((IFERROR(_xlfn._xlws.FILTER(INDEX(BN:BN,_xlfn.SEQUENCE(100,1,12,3)),INDEX(BN:BN,_xlfn.SEQUENCE(100,1,12,3))<>""),"")<>"")*1)} -> 0 | BO2: {=SUMPRODUCT((IFERROR(_xlfn._xlws.FILTER(INDEX(BO:BO,_xlfn.SEQUENCE(100,1,12,3)),INDEX(BO:BO,_xlfn.SEQUENCE(100,1,12,3))<>""),"")<>"")*1)} -> 0 | BP2: {=SUMPRODUCT((IFERROR(_xlfn._xlws.FILTER(INDEX(BP:BP,_xlfn.SEQUENCE(100,1,12,3)),INDEX(BP:BP,_xlfn.SEQUENCE(100,1,12,3))<>""),"")<>"")*1)} -> 0 | BQ2: {=SUMPRODUCT((IFERROR(_xlfn._xlws.FILTER(INDEX(BQ:BQ,_xlfn.SEQUENCE(100,1,12,3)),INDEX(BQ:BQ,_xlfn.SEQUENCE(100,1,12,3))<>""),"")<>"")*1)} -> 0 | BR2: {=SUMPRODUCT((IFERROR(_xlfn._xlws.FILTER(INDEX(BR:BR,_xlfn.SEQUENCE(100,1,12,3)),INDEX(BR:BR,_xlfn.SEQUENCE(100,1,12,3))<>""),"")<>"")*1)} -> 0 | BS2: {=SUMPRODUCT((IFERROR(_xlfn._xlws.FILTER(INDEX(BS:BS,_xlfn.SEQUENCE(100,1,12,3)),INDEX(BS:BS,_xlfn.SEQUENCE(100,1,12,3))<>""),"")<>"")*1)} -> 0 | BT2: {=SUMPRODUCT((IFERROR(_xlfn._xlws.FILTER(INDEX(BT:BT,_xlfn.SEQUENCE(100,1,12,3)),INDEX(BT:BT,_xlfn.SEQUENCE(100,1,12,3))<>""),"")<>"")*1)} -> 0 | BU2: {=SUMPRODUCT((IFERROR(_xlfn._xlws.FILTER(INDEX(BU:BU,_xlfn.SEQUENCE(100,1,12,3)),INDEX(BU:BU,_xlfn.SEQUENCE(100,1,12,3))<>""),"")<>"")*1)} -> 0 | BV2: {=SUMPRODUCT((IFERROR(_xlfn._xlws.FILTER(INDEX(BV:BV,_xlfn.SEQUENCE(100,1,12,3)),INDEX(BV:BV,_xlfn.SEQUENCE(100,1,12,3))<>""),"")<>"")*1)} -> 0 | BW2: {=SUMPRODUCT((IFERROR(_xlfn._xlws.FILTER(INDEX(BW:BW,_xlfn.SEQUENCE(100,1,12,3)),INDEX(BW:BW,_xlfn.SEQUENCE(100,1,12,3))<>""),"")<>"")*1)} -> 0 | BX2: {=SUMPRODUCT((IFERROR(_xlfn._xlws.FILTER(INDEX(BX:BX,_xlfn.SEQUENCE(100,1,12,3)),INDEX(BX:BX,_xlfn.SEQUENCE(100,1,12,3))<>""),"")<>"")*1)} -> 0 | BY2: {=SUMPRODUCT((IFERROR(_xlfn._xlws.FILTER(INDEX(BY:BY,_xlfn.SEQUENCE(100,1,12,3)),INDEX(BY:BY,_xlfn.SEQUENCE(100,1,12,3))<>""),"")<>"")*1)} -> 0 | BZ2: {=SUMPRODUCT((IFERROR(_xlfn._xlws.FILTER(INDEX(BZ:BZ,_xlfn.SEQUENCE(100,1,12,3)),INDEX(BZ:BZ,_xlfn.SEQUENCE(100,1,12,3))<>""),"")<>"")*1)} -> 0 | CA2: {=SUMPRODUCT((IFERROR(_xlfn._xlws.FILTER(INDEX(CA:CA,_xlfn.SEQUENCE(100,1,12,3)),INDEX(CA:CA,_xlfn.SEQUENCE(100,1,12,3))<>""),"")<>"")*1)} -> 0 | CB2: {=SUMPRODUCT((IFERROR(_xlfn._xlws.FILTER(INDEX(CB:CB,_xlfn.SEQUENCE(100,1,12,3)),INDEX(CB:CB,_xlfn.SEQUENCE(100,1,12,3))<>""),"")<>"")*1)} -> 0 | CC2: {=SUMPRODUCT((IFERROR(_xlfn._xlws.FILTER(INDEX(CC:CC,_xlfn.SEQUENCE(100,1,12,3)),INDEX(CC:CC,_xlfn.SEQUENCE(100,1,12,3))<>""),"")<>"")*1)} -> 0 | CD2: {=SUMPRODUCT((IFERROR(_xlfn._xlws.FILTER(INDEX(CD:CD,_xlfn.SEQUENCE(100,1,12,3)),INDEX(CD:CD,_xlfn.SEQUENCE(100,1,12,3))<>""),"")<>"")*1)} -> 0 | CE2: {=SUMPRODUCT((IFERROR(_xlfn._xlws.FILTER(INDEX(CE:CE,_xlfn.SEQUENCE(100,1,12,3)),INDEX(CE:CE,_xlfn.SEQUENCE(100,1,12,3))<>""),"")<>"")*1)} -> 0 | CF2: {=SUMPRODUCT((IFERROR(_xlfn._xlws.FILTER(INDEX(CF:CF,_xlfn.SEQUENCE(100,1,12,3)),INDEX(CF:CF,_xlfn.SEQUENCE(100,1,12,3))<>""),"")<>"")*1)} -> 0 | CG2: {=SUMPRODUCT((IFERROR(_xlfn._xlws.FILTER(INDEX(CG:CG,_xlfn.SEQUENCE(100,1,12,3)),INDEX(CG:CG,_xlfn.SEQUENCE(100,1,12,3))<>""),"")<>"")*1)} -> 0 | CH2: {=SUMPRODUCT((IFERROR(_xlfn._xlws.FILTER(INDEX(CH:CH,_xlfn.SEQUENCE(100,1,12,3)),INDEX(CH:CH,_xlfn.SEQUENCE(100,1,12,3))<>""),"")<>"")*1)} -> 0 | CI2: {=SUMPRODUCT((IFERROR(_xlfn._xlws.FILTER(INDEX(CI:CI,_xlfn.SEQUENCE(100,1,12,3)),INDEX(CI:CI,_xlfn.SEQUENCE(100,1,12,3))<>""),"")<>"")*1)} -> 0 | CJ2: {=SUMPRODUCT((IFERROR(_xlfn._xlws.FILTER(INDEX(CJ:CJ,_xlfn.SEQUENCE(100,1,12,3)),INDEX(CJ:CJ,_xlfn.SEQUENCE(100,1,12,3))<>""),"")<>"")*1)} -> 0 | CK2: {=SUMPRODUCT((IFERROR(_xlfn._xlws.FILTER(INDEX(CK:CK,_xlfn.SEQUENCE(100,1,12,3)),INDEX(CK:CK,_xlfn.SEQUENCE(100,1,12,3))<>""),"")<>"")*1)} -> 0 | CL2: {=SUMPRODUCT((IFERROR(_xlfn._xlws.FILTER(INDEX(CL:CL,_xlfn.SEQUENCE(100,1,12,3)),INDEX(CL:CL,_xlfn.SEQUENCE(100,1,12,3))<>""),"")<>"")*1)} -> 0 | CM2: {=SUMPRODUCT((IFERROR(_xlfn._xlws.FILTER(INDEX(CM:CM,_xlfn.SEQUENCE(100,1,12,3)),INDEX(CM:CM,_xlfn.SEQUENCE(100,1,12,3))<>""),"")<>"")*1)} -> 0 | CN2: {=SUMPRODUCT((IFERROR(_xlfn._xlws.FILTER(INDEX(CN:CN,_xlfn.SEQUENCE(100,1,12,3)),INDEX(CN:CN,_xlfn.SEQUENCE(100,1,12,3))<>""),"")<>"")*1)} -> 0 | CO2: {=SUMPRODUCT((IFERROR(_xlfn._xlws.FILTER(INDEX(CO:CO,_xlfn.SEQUENCE(100,1,12,3)),INDEX(CO:CO,_xlfn.SEQUENCE(100,1,12,3))<>""),"")<>"")*1)} -> 0 | CP2: {=SUMPRODUCT((IFERROR(_xlfn._xlws.FILTER(INDEX(CP:CP,_xlfn.SEQUENCE(100,1,12,3)),INDEX(CP:CP,_xlfn.SEQUENCE(100,1,12,3))<>""),"")<>"")*1)} -> 0 | CQ2: {=SUMPRODUCT((IFERROR(_xlfn._xlws.FILTER(INDEX(CQ:CQ,_xlfn.SEQUENCE(100,1,12,3)),INDEX(CQ:CQ,_xlfn.SEQUENCE(100,1,12,3))<>""),"")<>"")*1)} -> 0 | CR2: {=SUMPRODUCT((IFERROR(_xlfn._xlws.FILTER(INDEX(CR:CR,_xlfn.SEQUENCE(100,1,12,3)),INDEX(CR:CR,_xlfn.SEQUENCE(100,1,12,3))<>""),"")<>"")*1)} -> 0 | CS2: {=SUMPRODUCT((IFERROR(_xlfn._xlws.FILTER(INDEX(CS:CS,_xlfn.SEQUENCE(100,1,12,3)),INDEX(CS:CS,_xlfn.SEQUENCE(100,1,12,3))<>""),"")<>"")*1)} -> 0 | CT2: {=SUMPRODUCT((IFERROR(_xlfn._xlws.FILTER(INDEX(CT:CT,_xlfn.SEQUENCE(100,1,12,3)),INDEX(CT:CT,_xlfn.SEQUENCE(100,1,12,3))<>""),"")<>"")*1)} -> 0 | CU2: {=SUMPRODUCT((IFERROR(_xlfn._xlws.FILTER(INDEX(CU:CU,_xlfn.SEQUENCE(100,1,12,3)),INDEX(CU:CU,_xlfn.SEQUENCE(100,1,12,3))<>""),"")<>"")*1)} -> 0 | CV2: {=SUMPRODUCT((IFERROR(_xlfn._xlws.FILTER(INDEX(CV:CV,_xlfn.SEQUENCE(100,1,12,3)),INDEX(CV:CV,_xlfn.SEQUENCE(100,1,12,3))<>""),"")<>"")*1)} -> 0 | CW2: {=SUMPRODUCT((IFERROR(_xlfn._xlws.FILTER(INDEX(CW:CW,_xlfn.SEQUENCE(100,1,12,3)),INDEX(CW:CW,_xlfn.SEQUENCE(100,1,12,3))<>""),"")<>"")*1)} -> 0 | CX2: {=SUMPRODUCT((IFERROR(_xlfn._xlws.FILTER(INDEX(CX:CX,_xlfn.SEQUENCE(100,1,12,3)),INDEX(CX:CX,_xlfn.SEQUENCE(100,1,12,3))<>""),"")<>"")*1)} -> 0 | CY2: {=SUMPRODUCT((IFERROR(_xlfn._xlws.FILTER(INDEX(CY:CY,_xlfn.SEQUENCE(100,1,12,3)),INDEX(CY:CY,_xlfn.SEQUENCE(100,1,12,3))<>""),"")<>"")*1)} -> 0 | CZ2: {=SUMPRODUCT((IFERROR(_xlfn._xlws.FILTER(INDEX(CZ:CZ,_xlfn.SEQUENCE(100,1,12,3)),INDEX(CZ:CZ,_xlfn.SEQUENCE(100,1,12,3))<>""),"")<>"")*1)} -> 0 | DA2: {=SUMPRODUCT((IFERROR(_xlfn._xlws.FILTER(INDEX(DA:DA,_xlfn.SEQUENCE(100,1,12,3)),INDEX(DA:DA,_xlfn.SEQUENCE(100,1,12,3))<>""),"")<>"")*1)} -> 0 | DB2: {=SUMPRODUCT((IFERROR(_xlfn._xlws.FILTER(INDEX(DB:DB,_xlfn.SEQUENCE(100,1,12,3)),INDEX(DB:DB,_xlfn.SEQUENCE(100,1,12,3))<>""),"")<>"")*1)} -> 0 | DC2: {=SUMPRODUCT((IFERROR(_xlfn._xlws.FILTER(INDEX(DC:DC,_xlfn.SEQUENCE(100,1,12,3)),INDEX(DC:DC,_xlfn.SEQUENCE(100,1,12,3))<>""),"")<>"")*1)} -> 0 | DD2: {=SUMPRODUCT((IFERROR(_xlfn._xlws.FILTER(INDEX(DD:DD,_xlfn.SEQUENCE(100,1,12,3)),INDEX(DD:DD,_xlfn.SEQUENCE(100,1,12,3))<>""),"")<>"")*1)} -> 0 | DE2: {=SUMPRODUCT((IFERROR(_xlfn._xlws.FILTER(INDEX(DE:DE,_xlfn.SEQUENCE(100,1,12,3)),INDEX(DE:DE,_xlfn.SEQUENCE(100,1,12,3))<>""),"")<>"")*1)} -> 0 | DF2: {=SUMPRODUCT((IFERROR(_xlfn._xlws.FILTER(INDEX(DF:DF,_xlfn.SEQUENCE(100,1,12,3)),INDEX(DF:DF,_xlfn.SEQUENCE(100,1,12,3))<>""),"")<>"")*1)} -> 0 | DG2: {=SUMPRODUCT((IFERROR(_xlfn._xlws.FILTER(INDEX(DG:DG,_xlfn.SEQUENCE(100,1,12,3)),INDEX(DG:DG,_xlfn.SEQUENCE(100,1,12,3))<>""),"")<>"")*1)} -> 0 | DH2: {=SUMPRODUCT((IFERROR(_xlfn._xlws.FILTER(INDEX(DH:DH,_xlfn.SEQUENCE(100,1,12,3)),INDEX(DH:DH,_xlfn.SEQUENCE(100,1,12,3))<>""),"")<>"")*1)} -> 0 | DI2: {=SUMPRODUCT((IFERROR(_xlfn._xlws.FILTER(INDEX(DI:DI,_xlfn.SEQUENCE(100,1,12,3)),INDEX(DI:DI,_xlfn.SEQUENCE(100,1,12,3))<>""),"")<>"")*1)} -> 0 | DJ2: {=SUMPRODUCT((IFERROR(_xlfn._xlws.FILTER(INDEX(DJ:DJ,_xlfn.SEQUENCE(100,1,12,3)),INDEX(DJ:DJ,_xlfn.SEQUENCE(100,1,12,3))<>""),"")<>"")*1)} -> 0 | DK2: {=SUMPRODUCT((IFERROR(_xlfn._xlws.FILTER(INDEX(DK:DK,_xlfn.SEQUENCE(100,1,12,3)),INDEX(DK:DK,_xlfn.SEQUENCE(100,1,12,3))<>""),"")<>"")*1)} -> 0 | DL2: {=SUMPRODUCT((IFERROR(_xlfn._xlws.FILTER(INDEX(DL:DL,_xlfn.SEQUENCE(100,1,12,3)),INDEX(DL:DL,_xlfn.SEQUENCE(100,1,12,3))<>""),"")<>"")*1)} -> 0 | DM2: {=SUMPRODUCT((IFERROR(_xlfn._xlws.FILTER(INDEX(DM:DM,_xlfn.SEQUENCE(100,1,12,3)),INDEX(DM:DM,_xlfn.SEQUENCE(100,1,12,3))<>""),"")<>"")*1)} -> 0 | DN2: {=SUMPRODUCT((IFERROR(_xlfn._xlws.FILTER(INDEX(DN:DN,_xlfn.SEQUENCE(100,1,12,3)),INDEX(DN:DN,_xlfn.SEQUENCE(100,1,12,3))<>""),"")<>"")*1)} -> 0 | DO2: {=SUMPRODUCT((IFERROR(_xlfn._xlws.FILTER(INDEX(DO:DO,_xlfn.SEQUENCE(100,1,12,3)),INDEX(DO:DO,_xlfn.SEQUENCE(100,1,12,3))<>""),"")<>"")*1)} -> 0 | DP2: {=SUMPRODUCT((IFERROR(_xlfn._xlws.FILTER(INDEX(DP:DP,_xlfn.SEQUENCE(100,1,12,3)),INDEX(DP:DP,_xlfn.SEQUENCE(100,1,12,3))<>""),"")<>"")*1)} -> 0 | DQ2: {=SUMPRODUCT((IFERROR(_xlfn._xlws.FILTER(INDEX(DQ:DQ,_xlfn.SEQUENCE(100,1,12,3)),INDEX(DQ:DQ,_xlfn.SEQUENCE(100,1,12,3))<>""),"")<>"")*1)} -> 0 | DR2: {=SUMPRODUCT((IFERROR(_xlfn._xlws.FILTER(INDEX(DR:DR,_xlfn.SEQUENCE(100,1,12,3)),INDEX(DR:DR,_xlfn.SEQUENCE(100,1,12,3))<>""),"")<>"")*1)} -> 0 | DS2: {=SUMPRODUCT((IFERROR(_xlfn._xlws.FILTER(INDEX(DS:DS,_xlfn.SEQUENCE(100,1,12,3)),INDEX(DS:DS,_xlfn.SEQUENCE(100,1,12,3))<>""),"")<>"")*1)} -> 0 | DT2: {=SUMPRODUCT((IFERROR(_xlfn._xlws.FILTER(INDEX(DT:DT,_xlfn.SEQUENCE(100,1,12,3)),INDEX(DT:DT,_xlfn.SEQUENCE(100,1,12,3))<>""),"")<>"")*1)} -> 0 | DU2: {=SUMPRODUCT((IFERROR(_xlfn._xlws.FILTER(INDEX(DU:DU,_xlfn.SEQUENCE(100,1,12,3)),INDEX(DU:DU,_xlfn.SEQUENCE(100,1,12,3))<>""),"")<>"")*1)} -> 0 | DV2: {=SUMPRODUCT((IFERROR(_xlfn._xlws.FILTER(INDEX(DV:DV,_xlfn.SEQUENCE(100,1,12,3)),INDEX(DV:DV,_xlfn.SEQUENCE(100,1,12,3))<>""),"")<>"")*1)} -> 0 | DW2: {=SUMPRODUCT((IFERROR(_xlfn._xlws.FILTER(INDEX(DW:DW,_xlfn.SEQUENCE(100,1,12,3)),INDEX(DW:DW,_xlfn.SEQUENCE(100,1,12,3))<>""),"")<>"")*1)} -> 0 | DX2: {=SUMPRODUCT((IFERROR(_xlfn._xlws.FILTER(INDEX(DX:DX,_xlfn.SEQUENCE(100,1,12,3)),INDEX(DX:DX,_xlfn.SEQUENCE(100,1,12,3))<>""),"")<>"")*1)} -> 0 | DY2: {=SUMPRODUCT((IFERROR(_xlfn._xlws.FILTER(INDEX(DY:DY,_xlfn.SEQUENCE(100,1,12,3)),INDEX(DY:DY,_xlfn.SEQUENCE(100,1,12,3))<>""),"")<>"")*1)} -> 0 | DZ2: {=SUMPRODUCT((IFERROR(_xlfn._xlws.FILTER(INDEX(DZ:DZ,_xlfn.SEQUENCE(100,1,12,3)),INDEX(DZ:DZ,_xlfn.SEQUENCE(100,1,12,3))<>""),"")<>"")*1)} -> 0 | EA2: {=SUMPRODUCT((IFERROR(_xlfn._xlws.FILTER(INDEX(EA:EA,_xlfn.SEQUENCE(100,1,12,3)),INDEX(EA:EA,_xlfn.SEQUENCE(100,1,12,3))<>""),"")<>"")*1)} -> 0 | EB2: {=SUMPRODUCT((IFERROR(_xlfn._xlws.FILTER(INDEX(EB:EB,_xlfn.SEQUENCE(100,1,12,3)),INDEX(EB:EB,_xlfn.SEQUENCE(100,1,12,3))<>""),"")<>"")*1)} -> 0 | EC2: {=SUMPRODUCT((IFERROR(_xlfn._xlws.FILTER(INDEX(EC:EC,_xlfn.SEQUENCE(100,1,12,3)),INDEX(EC:EC,_xlfn.SEQUENCE(100,1,12,3))<>""),"")<>"")*1)} -> 0 | ED2: {=SUMPRODUCT((IFERROR(_xlfn._xlws.FILTER(INDEX(ED:ED,_xlfn.SEQUENCE(100,1,12,3)),INDEX(ED:ED,_xlfn.SEQUENCE(100,1,12,3))<>""),"")<>"")*1)} -> 0 | EE2: {=SUMPRODUCT((IFERROR(_xlfn._xlws.FILTER(INDEX(EE:EE,_xlfn.SEQUENCE(100,1,12,3)),INDEX(EE:EE,_xlfn.SEQUENCE(100,1,12,3))<>""),"")<>"")*1)} -> 0 | EF2: {=SUMPRODUCT((IFERROR(_xlfn._xlws.FILTER(INDEX(EF:EF,_xlfn.SEQUENCE(100,1,12,3)),INDEX(EF:EF,_xlfn.SEQUENCE(100,1,12,3))<>""),"")<>"")*1)} -> 0 | EG2: {=SUMPRODUCT((IFERROR(_xlfn._xlws.FILTER(INDEX(EG:EG,_xlfn.SEQUENCE(100,1,12,3)),INDEX(EG:EG,_xlfn.SEQUENCE(100,1,12,3))<>""),"")<>"")*1)} -> 0 | EH2: {=SUMPRODUCT((IFERROR(_xlfn._xlws.FILTER(INDEX(EH:EH,_xlfn.SEQUENCE(100,1,12,3)),INDEX(EH:EH,_xlfn.SEQUENCE(100,1,12,3))<>""),"")<>"")*1)} -> 0 | EI2: {=SUMPRODUCT((IFERROR(_xlfn._xlws.FILTER(INDEX(EI:EI,_xlfn.SEQUENCE(100,1,12,3)),INDEX(EI:EI,_xlfn.SEQUENCE(100,1,12,3))<>""),"")<>"")*1)} -> 0 | EJ2: {=SUMPRODUCT((IFERROR(_xlfn._xlws.FILTER(INDEX(EJ:EJ,_xlfn.SEQUENCE(100,1,12,3)),INDEX(EJ:EJ,_xlfn.SEQUENCE(100,1,12,3))<>""),"")<>"")*1)} -> 0 | EK2: {=SUMPRODUCT((IFERROR(_xlfn._xlws.FILTER(INDEX(EK:EK,_xlfn.SEQUENCE(100,1,12,3)),INDEX(EK:EK,_xlfn.SEQUENCE(100,1,12,3))<>""),"")<>"")*1)} -> 0 | EL2: {=SUMPRODUCT((IFERROR(_xlfn._xlws.FILTER(INDEX(EL:EL,_xlfn.SEQUENCE(100,1,12,3)),INDEX(EL:EL,_xlfn.SEQUENCE(100,1,12,3))<>""),"")<>"")*1)} -> 0 | EM2: {=SUMPRODUCT((IFERROR(_xlfn._xlws.FILTER(INDEX(EM:EM,_xlfn.SEQUENCE(100,1,12,3)),INDEX(EM:EM,_xlfn.SEQUENCE(100,1,12,3))<>""),"")<>"")*1)} -> 0 | EN2: {=SUMPRODUCT((IFERROR(_xlfn._xlws.FILTER(INDEX(EN:EN,_xlfn.SEQUENCE(100,1,12,3)),INDEX(EN:EN,_xlfn.SEQUENCE(100,1,12,3))<>""),"")<>"")*1)} -> 0 | EO2: {=SUMPRODUCT((IFERROR(_xlfn._xlws.FILTER(INDEX(EO:EO,_xlfn.SEQUENCE(100,1,12,3)),INDEX(EO:EO,_xlfn.SEQUENCE(100,1,12,3))<>""),"")<>"")*1)} -> 0 | EP2: {=SUMPRODUCT((IFERROR(_xlfn._xlws.FILTER(INDEX(EP:EP,_xlfn.SEQUENCE(100,1,12,3)),INDEX(EP:EP,_xlfn.SEQUENCE(100,1,12,3))<>""),"")<>"")*1)} -> 0 | EQ2: {=SUMPRODUCT((IFERROR(_xlfn._xlws.FILTER(INDEX(EQ:EQ,_xlfn.SEQUENCE(100,1,12,3)),INDEX(EQ:EQ,_xlfn.SEQUENCE(100,1,12,3))<>""),"")<>"")*1)} -> 0 | ER2: {=SUMPRODUCT((IFERROR(_xlfn._xlws.FILTER(INDEX(ER:ER,_xlfn.SEQUENCE(100,1,12,3)),INDEX(ER:ER,_xlfn.SEQUENCE(100,1,12,3))<>""),"")<>"")*1)} -> 0 | ES2: {=SUMPRODUCT((IFERROR(_xlfn._xlws.FILTER(INDEX(ES:ES,_xlfn.SEQUENCE(100,1,12,3)),INDEX(ES:ES,_xlfn.SEQUENCE(100,1,12,3))<>""),"")<>"")*1)} -> 0 | ET2: {=SUMPRODUCT((IFERROR(_xlfn._xlws.FILTER(INDEX(ET:ET,_xlfn.SEQUENCE(100,1,12,3)),INDEX(ET:ET,_xlfn.SEQUENCE(100,1,12,3))<>""),"")<>"")*1)} -> 0 | EU2: {=SUMPRODUCT((IFERROR(_xlfn._xlws.FILTER(INDEX(EU:EU,_xlfn.SEQUENCE(100,1,12,3)),INDEX(EU:EU,_xlfn.SEQUENCE(100,1,12,3))<>""),"")<>"")*1)} -> 0 | EV2: {=SUMPRODUCT((IFERROR(_xlfn._xlws.FILTER(INDEX(EV:EV,_xlfn.SEQUENCE(100,1,12,3)),INDEX(EV:EV,_xlfn.SEQUENCE(100,1,12,3))<>""),"")<>"")*1)} -> 0 | EW2: {=SUMPRODUCT((IFERROR(_xlfn._xlws.FILTER(INDEX(EW:EW,_xlfn.SEQUENCE(100,1,12,3)),INDEX(EW:EW,_xlfn.SEQUENCE(100,1,12,3))<>""),"")<>"")*1)} -> 0 | EX2: {=SUMPRODUCT((IFERROR(_xlfn._xlws.FILTER(INDEX(EX:EX,_xlfn.SEQUENCE(100,1,12,3)),INDEX(EX:EX,_xlfn.SEQUENCE(100,1,12,3))<>""),"")<>"")*1)} -> 0 | EY2: {=SUMPRODUCT((IFERROR(_xlfn._xlws.FILTER(INDEX(EY:EY,_xlfn.SEQUENCE(100,1,12,3)),INDEX(EY:EY,_xlfn.SEQUENCE(100,1,12,3))<>""),"")<>"")*1)} -> 0 | EZ2: {=SUMPRODUCT((IFERROR(_xlfn._xlws.FILTER(INDEX(EZ:EZ,_xlfn.SEQUENCE(100,1,12,3)),INDEX(EZ:EZ,_xlfn.SEQUENCE(100,1,12,3))<>""),"")<>"")*1)} -> 0 | FA2: {=SUMPRODUCT((IFERROR(_xlfn._xlws.FILTER(INDEX(FA:FA,_xlfn.SEQUENCE(100,1,12,3)),INDEX(FA:FA,_xlfn.SEQUENCE(100,1,12,3))<>""),"")<>"")*1)} -> 0 | FB2: {=SUMPRODUCT((IFERROR(_xlfn._xlws.FILTER(INDEX(FB:FB,_xlfn.SEQUENCE(100,1,12,3)),INDEX(FB:FB,_xlfn.SEQUENCE(100,1,12,3))<>""),"")<>"")*1)} -> 0 | FC2: {=SUMPRODUCT((IFERROR(_xlfn._xlws.FILTER(INDEX(FC:FC,_xlfn.SEQUENCE(100,1,12,3)),INDEX(FC:FC,_xlfn.SEQUENCE(100,1,12,3))<>""),"")<>"")*1)} -> 0 | FD2: {=SUMPRODUCT((IFERROR(_xlfn._xlws.FILTER(INDEX(FD:FD,_xlfn.SEQUENCE(100,1,12,3)),INDEX(FD:FD,_xlfn.SEQUENCE(100,1,12,3))<>""),"")<>"")*1)} -> 0 | FE2: {=SUMPRODUCT((IFERROR(_xlfn._xlws.FILTER(INDEX(FE:FE,_xlfn.SEQUENCE(100,1,12,3)),INDEX(FE:FE,_xlfn.SEQUENCE(100,1,12,3))<>""),"")<>"")*1)} -> 0 | FF2: {=SUMPRODUCT((IFERROR(_xlfn._xlws.FILTER(INDEX(FF:FF,_xlfn.SEQUENCE(100,1,12,3)),INDEX(FF:FF,_xlfn.SEQUENCE(100,1,12,3))<>""),"")<>"")*1)} -> 0 | FG2: {=SUMPRODUCT((IFERROR(_xlfn._xlws.FILTER(INDEX(FG:FG,_xlfn.SEQUENCE(100,1,12,3)),INDEX(FG:FG,_xlfn.SEQUENCE(100,1,12,3))<>""),"")<>"")*1)} -> 0 | FH2: {=SUMPRODUCT((IFERROR(_xlfn._xlws.FILTER(INDEX(FH:FH,_xlfn.SEQUENCE(100,1,12,3)),INDEX(FH:FH,_xlfn.SEQUENCE(100,1,12,3))<>""),"")<>"")*1)} -> 0 | FI2: {=SUMPRODUCT((IFERROR(_xlfn._xlws.FILTER(INDEX(FI:FI,_xlfn.SEQUENCE(100,1,12,3)),INDEX(FI:FI,_xlfn.SEQUENCE(100,1,12,3))<>""),"")<>"")*1)} -> 0 | FJ2: {=SUMPRODUCT((IFERROR(_xlfn._xlws.FILTER(INDEX(FJ:FJ,_xlfn.SEQUENCE(100,1,12,3)),INDEX(FJ:FJ,_xlfn.SEQUENCE(100,1,12,3))<>""),"")<>"")*1)} -> 0 | FK2: {=SUMPRODUCT((IFERROR(_xlfn._xlws.FILTER(INDEX(FK:FK,_xlfn.SEQUENCE(100,1,12,3)),INDEX(FK:FK,_xlfn.SEQUENCE(100,1,12,3))<>""),"")<>"")*1)} -> 0 | FL2: {=SUMPRODUCT((IFERROR(_xlfn._xlws.FILTER(INDEX(FL:FL,_xlfn.SEQUENCE(100,1,12,3)),INDEX(FL:FL,_xlfn.SEQUENCE(100,1,12,3))<>""),"")<>"")*1)} -> 0 | FM2: {=SUMPRODUCT((IFERROR(_xlfn._xlws.FILTER(INDEX(FM:FM,_xlfn.SEQUENCE(100,1,12,3)),INDEX(FM:FM,_xlfn.SEQUENCE(100,1,12,3))<>""),"")<>"")*1)} -> 0 | FN2: {=SUMPRODUCT((IFERROR(_xlfn._xlws.FILTER(INDEX(FN:FN,_xlfn.SEQUENCE(100,1,12,3)),INDEX(FN:FN,_xlfn.SEQUENCE(100,1,12,3))<>""),"")<>"")*1)} -> 0 | FO2: {=SUMPRODUCT((IFERROR(_xlfn._xlws.FILTER(INDEX(FO:FO,_xlfn.SEQUENCE(100,1,12,3)),INDEX(FO:FO,_xlfn.SEQUENCE(100,1,12,3))<>""),"")<>"")*1)} -> 0 | FP2: {=SUMPRODUCT((IFERROR(_xlfn._xlws.FILTER(INDEX(FP:FP,_xlfn.SEQUENCE(100,1,12,3)),INDEX(FP:FP,_xlfn.SEQUENCE(100,1,12,3))<>""),"")<>"")*1)} -> 0 | FQ2: {=SUMPRODUCT((IFERROR(_xlfn._xlws.FILTER(INDEX(FQ:FQ,_xlfn.SEQUENCE(100,1,12,3)),INDEX(FQ:FQ,_xlfn.SEQUENCE(100,1,12,3))<>""),"")<>"")*1)} -> 0 | FR2: {=SUMPRODUCT((IFERROR(_xlfn._xlws.FILTER(INDEX(FR:FR,_xlfn.SEQUENCE(100,1,12,3)),INDEX(FR:FR,_xlfn.SEQUENCE(100,1,12,3))<>""),"")<>"")*1)} -> 0 | FS2: {=SUMPRODUCT((IFERROR(_xlfn._xlws.FILTER(INDEX(FS:FS,_xlfn.SEQUENCE(100,1,12,3)),INDEX(FS:FS,_xlfn.SEQUENCE(100,1,12,3))<>""),"")<>"")*1)} -> 0 | FT2: {=SUMPRODUCT((IFERROR(_xlfn._xlws.FILTER(INDEX(FT:FT,_xlfn.SEQUENCE(100,1,12,3)),INDEX(FT:FT,_xlfn.SEQUENCE(100,1,12,3))<>""),"")<>"")*1)} -> 0 | FU2: {=SUMPRODUCT((IFERROR(_xlfn._xlws.FILTER(INDEX(FU:FU,_xlfn.SEQUENCE(100,1,12,3)),INDEX(FU:FU,_xlfn.SEQUENCE(100,1,12,3))<>""),"")<>"")*1)} -> 0 | FV2: {=SUMPRODUCT((IFERROR(_xlfn._xlws.FILTER(INDEX(FV:FV,_xlfn.SEQUENCE(100,1,12,3)),INDEX(FV:FV,_xlfn.SEQUENCE(100,1,12,3))<>""),"")<>"")*1)} -> 0 | FW2: {=SUMPRODUCT((IFERROR(_xlfn._xlws.FILTER(INDEX(FW:FW,_xlfn.SEQUENCE(100,1,12,3)),INDEX(FW:FW,_xlfn.SEQUENCE(100,1,12,3))<>""),"")<>"")*1)} -> 0 | FX2: {=SUMPRODUCT((IFERROR(_xlfn._xlws.FILTER(INDEX(FX:FX,_xlfn.SEQUENCE(100,1,12,3)),INDEX(FX:FX,_xlfn.SEQUENCE(100,1,12,3))<>""),"")<>"")*1)} -> 0 | FY2: {=SUMPRODUCT((IFERROR(_xlfn._xlws.FILTER(INDEX(FY:FY,_xlfn.SEQUENCE(100,1,12,3)),INDEX(FY:FY,_xlfn.SEQUENCE(100,1,12,3))<>""),"")<>"")*1)} -> 0 | FZ2: {=SUMPRODUCT((IFERROR(_xlfn._xlws.FILTER(INDEX(FZ:FZ,_xlfn.SEQUENCE(100,1,12,3)),INDEX(FZ:FZ,_xlfn.SEQUENCE(100,1,12,3))<>""),"")<>"")*1)} -> 0 | GA2: {=SUMPRODUCT((IFERROR(_xlfn._xlws.FILTER(INDEX(GA:GA,_xlfn.SEQUENCE(100,1,12,3)),INDEX(GA:GA,_xlfn.SEQUENCE(100,1,12,3))<>""),"")<>"")*1)} -> 0 | GB2: {=SUMPRODUCT((IFERROR(_xlfn._xlws.FILTER(INDEX(GB:GB,_xlfn.SEQUENCE(100,1,12,3)),INDEX(GB:GB,_xlfn.SEQUENCE(100,1,12,3))<>""),"")<>"")*1)} -> 0 | GC2: {=SUMPRODUCT((IFERROR(_xlfn._xlws.FILTER(INDEX(GC:GC,_xlfn.SEQUENCE(100,1,12,3)),INDEX(GC:GC,_xlfn.SEQUENCE(100,1,12,3))<>""),"")<>"")*1)} -> 0 | GD2: {=SUMPRODUCT((IFERROR(_xlfn._xlws.FILTER(INDEX(GD:GD,_xlfn.SEQUENCE(100,1,12,3)),INDEX(GD:GD,_xlfn.SEQUENCE(100,1,12,3))<>""),"")<>"")*1)} -> 0 | GE2: {=SUMPRODUCT((IFERROR(_xlfn._xlws.FILTER(INDEX(GE:GE,_xlfn.SEQUENCE(100,1,12,3)),INDEX(GE:GE,_xlfn.SEQUENCE(100,1,12,3))<>""),"")<>"")*1)} -> 0 | GF2: {=SUMPRODUCT((IFERROR(_xlfn._xlws.FILTER(INDEX(GF:GF,_xlfn.SEQUENCE(100,1,12,3)),INDEX(GF:GF,_xlfn.SEQUENCE(100,1,12,3))<>""),"")<>"")*1)} -> 0 | GG2: {=SUMPRODUCT((IFERROR(_xlfn._xlws.FILTER(INDEX(GG:GG,_xlfn.SEQUENCE(100,1,12,3)),INDEX(GG:GG,_xlfn.SEQUENCE(100,1,12,3))<>""),"")<>"")*1)} -> 0 | GH2: {=SUMPRODUCT((IFERROR(_xlfn._xlws.FILTER(INDEX(GH:GH,_xlfn.SEQUENCE(100,1,12,3)),INDEX(GH:GH,_xlfn.SEQUENCE(100,1,12,3))<>""),"")<>"")*1)} -> 0 | GI2: {=SUMPRODUCT((IFERROR(_xlfn._xlws.FILTER(INDEX(GI:GI,_xlfn.SEQUENCE(100,1,12,3)),INDEX(GI:GI,_xlfn.SEQUENCE(100,1,12,3))<>""),"")<>"")*1)} -> 0 | GJ2: {=SUMPRODUCT((IFERROR(_xlfn._xlws.FILTER(INDEX(GJ:GJ,_xlfn.SEQUENCE(100,1,12,3)),INDEX(GJ:GJ,_xlfn.SEQUENCE(100,1,12,3))<>""),"")<>"")*1)} -> 0 | GK2: {=SUMPRODUCT((IFERROR(_xlfn._xlws.FILTER(INDEX(GK:GK,_xlfn.SEQUENCE(100,1,12,3)),INDEX(GK:GK,_xlfn.SEQUENCE(100,1,12,3))<>""),"")<>"")*1)} -> 0 | GL2: {=SUMPRODUCT((IFERROR(_xlfn._xlws.FILTER(INDEX(GL:GL,_xlfn.SEQUENCE(100,1,12,3)),INDEX(GL:GL,_xlfn.SEQUENCE(100,1,12,3))<>""),"")<>"")*1)} -> 0 | GM2: {=SUMPRODUCT((IFERROR(_xlfn._xlws.FILTER(INDEX(GM:GM,_xlfn.SEQUENCE(100,1,12,3)),INDEX(GM:GM,_xlfn.SEQUENCE(100,1,12,3))<>""),"")<>"")*1)} -> 0 | GN2: {=SUMPRODUCT((IFERROR(_xlfn._xlws.FILTER(INDEX(GN:GN,_xlfn.SEQUENCE(100,1,12,3)),INDEX(GN:GN,_xlfn.SEQUENCE(100,1,12,3))<>""),"")<>"")*1)} -> 0 | GO2: {=SUMPRODUCT((IFERROR(_xlfn._xlws.FILTER(INDEX(GO:GO,_xlfn.SEQUENCE(100,1,12,3)),INDEX(GO:GO,_xlfn.SEQUENCE(100,1,12,3))<>""),"")<>"")*1)} -> 0 | GP2: {=SUMPRODUCT((IFERROR(_xlfn._xlws.FILTER(INDEX(GP:GP,_xlfn.SEQUENCE(100,1,12,3)),INDEX(GP:GP,_xlfn.SEQUENCE(100,1,12,3))<>""),"")<>"")*1)} -> 0 | GQ2: {=SUMPRODUCT((IFERROR(_xlfn._xlws.FILTER(INDEX(GQ:GQ,_xlfn.SEQUENCE(100,1,12,3)),INDEX(GQ:GQ,_xlfn.SEQUENCE(100,1,12,3))<>""),"")<>"")*1)} -> 0 | GR2: {=SUMPRODUCT((IFERROR(_xlfn._xlws.FILTER(INDEX(GR:GR,_xlfn.SEQUENCE(100,1,12,3)),INDEX(GR:GR,_xlfn.SEQUENCE(100,1,12,3))<>""),"")<>"")*1)} -> 0 | GS2: {=SUMPRODUCT((IFERROR(_xlfn._xlws.FILTER(INDEX(GS:GS,_xlfn.SEQUENCE(100,1,12,3)),INDEX(GS:GS,_xlfn.SEQUENCE(100,1,12,3))<>""),"")<>"")*1)} -> 0 | GT2: {=SUMPRODUCT((IFERROR(_xlfn._xlws.FILTER(INDEX(GT:GT,_xlfn.SEQUENCE(100,1,12,3)),INDEX(GT:GT,_xlfn.SEQUENCE(100,1,12,3))<>""),"")<>"")*1)} -> 0 | GU2: {=SUMPRODUCT((IFERROR(_xlfn._xlws.FILTER(INDEX(GU:GU,_xlfn.SEQUENCE(100,1,12,3)),INDEX(GU:GU,_xlfn.SEQUENCE(100,1,12,3))<>""),"")<>"")*1)} -> 0 | GV2: {=SUMPRODUCT((IFERROR(_xlfn._xlws.FILTER(INDEX(GV:GV,_xlfn.SEQUENCE(100,1,12,3)),INDEX(GV:GV,_xlfn.SEQUENCE(100,1,12,3))<>""),"")<>"")*1)} -> 0 | GW2: {=SUMPRODUCT((IFERROR(_xlfn._xlws.FILTER(INDEX(GW:GW,_xlfn.SEQUENCE(100,1,12,3)),INDEX(GW:GW,_xlfn.SEQUENCE(100,1,12,3))<>""),"")<>"")*1)} -> 0 | GX2: {=SUMPRODUCT((IFERROR(_xlfn._xlws.FILTER(INDEX(GX:GX,_xlfn.SEQUENCE(100,1,12,3)),INDEX(GX:GX,_xlfn.SEQUENCE(100,1,12,3))<>""),"")<>"")*1)} -> 0 | GY2: {=SUMPRODUCT((IFERROR(_xlfn._xlws.FILTER(INDEX(GY:GY,_xlfn.SEQUENCE(100,1,12,3)),INDEX(GY:GY,_xlfn.SEQUENCE(100,1,12,3))<>""),"")<>"")*1)} -> 0 | GZ2: {=SUMPRODUCT((IFERROR(_xlfn._xlws.FILTER(INDEX(GZ:GZ,_xlfn.SEQUENCE(100,1,12,3)),INDEX(GZ:GZ,_xlfn.SEQUENCE(100,1,12,3))<>""),"")<>"")*1)} -> 0 | HA2: {=SUMPRODUCT((IFERROR(_xlfn._xlws.FILTER(INDEX(HA:HA,_xlfn.SEQUENCE(100,1,12,3)),INDEX(HA:HA,_xlfn.SEQUENCE(100,1,12,3))<>""),"")<>"")*1)} -> 0 | HB2: {=SUMPRODUCT((IFERROR(_xlfn._xlws.FILTER(INDEX(HB:HB,_xlfn.SEQUENCE(100,1,12,3)),INDEX(HB:HB,_xlfn.SEQUENCE(100,1,12,3))<>""),"")<>"")*1)} -> 0 | HC2: {=SUMPRODUCT((IFERROR(_xlfn._xlws.FILTER(INDEX(HC:HC,_xlfn.SEQUENCE(100,1,12,3)),INDEX(HC:HC,_xlfn.SEQUENCE(100,1,12,3))<>""),"")<>"")*1)} -> 0 | HD2: {=SUMPRODUCT((IFERROR(_xlfn._xlws.FILTER(INDEX(HD:HD,_xlfn.SEQUENCE(100,1,12,3)),INDEX(HD:HD,_xlfn.SEQUENCE(100,1,12,3))<>""),"")<>"")*1)} -> 0 | HE2: {=SUMPRODUCT((IFERROR(_xlfn._xlws.FILTER(INDEX(HE:HE,_xlfn.SEQUENCE(100,1,12,3)),INDEX(HE:HE,_xlfn.SEQUENCE(100,1,12,3))<>""),"")<>"")*1)} -> 0 | HF2: {=SUMPRODUCT((IFERROR(_xlfn._xlws.FILTER(INDEX(HF:HF,_xlfn.SEQUENCE(100,1,12,3)),INDEX(HF:HF,_xlfn.SEQUENCE(100,1,12,3))<>""),"")<>"")*1)} -> 0 | HG2: {=SUMPRODUCT((IFERROR(_xlfn._xlws.FILTER(INDEX(HG:HG,_xlfn.SEQUENCE(100,1,12,3)),INDEX(HG:HG,_xlfn.SEQUENCE(100,1,12,3))<>""),"")<>"")*1)} -> 0 | HH2: {=SUMPRODUCT((IFERROR(_xlfn._xlws.FILTER(INDEX(HH:HH,_xlfn.SEQUENCE(100,1,12,3)),INDEX(HH:HH,_xlfn.SEQUENCE(100,1,12,3))<>""),"")<>"")*1)} -> 0 | HI2: {=SUMPRODUCT((IFERROR(_xlfn._xlws.FILTER(INDEX(HI:HI,_xlfn.SEQUENCE(100,1,12,3)),INDEX(HI:HI,_xlfn.SEQUENCE(100,1,12,3))<>""),"")<>"")*1)} -> 0 | HJ2: {=SUMPRODUCT((IFERROR(_xlfn._xlws.FILTER(INDEX(HJ:HJ,_xlfn.SEQUENCE(100,1,12,3)),INDEX(HJ:HJ,_xlfn.SEQUENCE(100,1,12,3))<>""),"")<>"")*1)} -> 0 | HK2: {=SUMPRODUCT((IFERROR(_xlfn._xlws.FILTER(INDEX(HK:HK,_xlfn.SEQUENCE(100,1,12,3)),INDEX(HK:HK,_xlfn.SEQUENCE(100,1,12,3))<>""),"")<>"")*1)} -> 0 | HL2: {=SUMPRODUCT((IFERROR(_xlfn._xlws.FILTER(INDEX(HL:HL,_xlfn.SEQUENCE(100,1,12,3)),INDEX(HL:HL,_xlfn.SEQUENCE(100,1,12,3))<>""),"")<>"")*1)} -> 0 | HM2: {=SUMPRODUCT((IFERROR(_xlfn._xlws.FILTER(INDEX(HM:HM,_xlfn.SEQUENCE(100,1,12,3)),INDEX(HM:HM,_xlfn.SEQUENCE(100,1,12,3))<>""),"")<>"")*1)} -> 0 | HN2: {=SUMPRODUCT((IFERROR(_xlfn._xlws.FILTER(INDEX(HN:HN,_xlfn.SEQUENCE(100,1,12,3)),INDEX(HN:HN,_xlfn.SEQUENCE(100,1,12,3))<>""),"")<>"")*1)} -> 0 | HO2: {=SUMPRODUCT((IFERROR(_xlfn._xlws.FILTER(INDEX(HO:HO,_xlfn.SEQUENCE(100,1,12,3)),INDEX(HO:HO,_xlfn.SEQUENCE(100,1,12,3))<>""),"")<>"")*1)} -> 0 | HP2: {=SUMPRODUCT((IFERROR(_xlfn._xlws.FILTER(INDEX(HP:HP,_xlfn.SEQUENCE(100,1,12,3)),INDEX(HP:HP,_xlfn.SEQUENCE(100,1,12,3))<>""),"")<>"")*1)} -> 0 | HQ2: {=SUMPRODUCT((IFERROR(_xlfn._xlws.FILTER(INDEX(HQ:HQ,_xlfn.SEQUENCE(100,1,12,3)),INDEX(HQ:HQ,_xlfn.SEQUENCE(100,1,12,3))<>""),"")<>"")*1)} -> 0 | HR2: {=SUMPRODUCT((IFERROR(_xlfn._xlws.FILTER(INDEX(HR:HR,_xlfn.SEQUENCE(100,1,12,3)),INDEX(HR:HR,_xlfn.SEQUENCE(100,1,12,3))<>""),"")<>"")*1)} -> 0 | HS2: {=SUMPRODUCT((IFERROR(_xlfn._xlws.FILTER(INDEX(HS:HS,_xlfn.SEQUENCE(100,1,12,3)),INDEX(HS:HS,_xlfn.SEQUENCE(100,1,12,3))<>""),"")<>"")*1)} -> 0 | HT2: {=SUMPRODUCT((IFERROR(_xlfn._xlws.FILTER(INDEX(HT:HT,_xlfn.SEQUENCE(100,1,12,3)),INDEX(HT:HT,_xlfn.SEQUENCE(100,1,12,3))<>""),"")<>"")*1)} -> 0 | HU2: {=SUMPRODUCT((IFERROR(_xlfn._xlws.FILTER(INDEX(HU:HU,_xlfn.SEQUENCE(100,1,12,3)),INDEX(HU:HU,_xlfn.SEQUENCE(100,1,12,3))<>""),"")<>"")*1)} -> 0 | HV2: {=SUMPRODUCT((IFERROR(_xlfn._xlws.FILTER(INDEX(HV:HV,_xlfn.SEQUENCE(100,1,12,3)),INDEX(HV:HV,_xlfn.SEQUENCE(100,1,12,3))<>""),"")<>"")*1)} -> 0 | HW2: {=SUMPRODUCT((IFERROR(_xlfn._xlws.FILTER(INDEX(HW:HW,_xlfn.SEQUENCE(100,1,12,3)),INDEX(HW:HW,_xlfn.SEQUENCE(100,1,12,3))<>""),"")<>"")*1)} -> 0 | HX2: {=SUMPRODUCT((IFERROR(_xlfn._xlws.FILTER(INDEX(HX:HX,_xlfn.SEQUENCE(100,1,12,3)),INDEX(HX:HX,_xlfn.SEQUENCE(100,1,12,3))<>""),"")<>"")*1)} -> 0 | HY2: {=SUMPRODUCT((IFERROR(_xlfn._xlws.FILTER(INDEX(HY:HY,_xlfn.SEQUENCE(100,1,12,3)),INDEX(HY:HY,_xlfn.SEQUENCE(100,1,12,3))<>""),"")<>"")*1)} -> 0 | HZ2: {=SUMPRODUCT((IFERROR(_xlfn._xlws.FILTER(INDEX(HZ:HZ,_xlfn.SEQUENCE(100,1,12,3)),INDEX(HZ:HZ,_xlfn.SEQUENCE(100,1,12,3))<>""),"")<>"")*1)} -> 0 | IA2: {=SUMPRODUCT((IFERROR(_xlfn._xlws.FILTER(INDEX(IA:IA,_xlfn.SEQUENCE(100,1,12,3)),INDEX(IA:IA,_xlfn.SEQUENCE(100,1,12,3))<>""),"")<>"")*1)} -> 0 | IB2: {=SUMPRODUCT((IFERROR(_xlfn._xlws.FILTER(INDEX(IB:IB,_xlfn.SEQUENCE(100,1,12,3)),INDEX(IB:IB,_xlfn.SEQUENCE(100,1,12,3))<>""),"")<>"")*1)} -> 0 | IC2: {=SUMPRODUCT((IFERROR(_xlfn._xlws.FILTER(INDEX(IC:IC,_xlfn.SEQUENCE(100,1,12,3)),INDEX(IC:IC,_xlfn.SEQUENCE(100,1,12,3))<>""),"")<>"")*1)} -> 0 | ID2: {=SUMPRODUCT((IFERROR(_xlfn._xlws.FILTER(INDEX(ID:ID,_xlfn.SEQUENCE(100,1,12,3)),INDEX(ID:ID,_xlfn.SEQUENCE(100,1,12,3))<>""),"")<>"")*1)} -> 0 | IE2: {=SUMPRODUCT((IFERROR(_xlfn._xlws.FILTER(INDEX(IE:IE,_xlfn.SEQUENCE(100,1,12,3)),INDEX(IE:IE,_xlfn.SEQUENCE(100,1,12,3))<>""),"")<>"")*1)} -> 0 | IF2: {=SUMPRODUCT((IFERROR(_xlfn._xlws.FILTER(INDEX(IF:IF,_xlfn.SEQUENCE(100,1,12,3)),INDEX(IF:IF,_xlfn.SEQUENCE(100,1,12,3))<>""),"")<>"")*1)} -> 0 | IG2: {=SUMPRODUCT((IFERROR(_xlfn._xlws.FILTER(INDEX(IG:IG,_xlfn.SEQUENCE(100,1,12,3)),INDEX(IG:IG,_xlfn.SEQUENCE(100,1,12,3))<>""),"")<>"")*1)} -> 0 | IH2: {=SUMPRODUCT((IFERROR(_xlfn._xlws.FILTER(INDEX(IH:IH,_xlfn.SEQUENCE(100,1,12,3)),INDEX(IH:IH,_xlfn.SEQUENCE(100,1,12,3))<>""),"")<>"")*1)} -> 0 | II2: {=SUMPRODUCT((IFERROR(_xlfn._xlws.FILTER(INDEX(II:II,_xlfn.SEQUENCE(100,1,12,3)),INDEX(II:II,_xlfn.SEQUENCE(100,1,12,3))<>""),"")<>"")*1)} -> 0 | IJ2: {=SUMPRODUCT((IFERROR(_xlfn._xlws.FILTER(INDEX(IJ:IJ,_xlfn.SEQUENCE(100,1,12,3)),INDEX(IJ:IJ,_xlfn.SEQUENCE(100,1,12,3))<>""),"")<>"")*1)} -> 0 | IK2: {=SUMPRODUCT((IFERROR(_xlfn._xlws.FILTER(INDEX(IK:IK,_xlfn.SEQUENCE(100,1,12,3)),INDEX(IK:IK,_xlfn.SEQUENCE(100,1,12,3))<>""),"")<>"")*1)} -> 0 | IL2: {=SUMPRODUCT((IFERROR(_xlfn._xlws.FILTER(INDEX(IL:IL,_xlfn.SEQUENCE(100,1,12,3)),INDEX(IL:IL,_xlfn.SEQUENCE(100,1,12,3))<>""),"")<>"")*1)} -> 0 | IM2: {=SUMPRODUCT((IFERROR(_xlfn._xlws.FILTER(INDEX(IM:IM,_xlfn.SEQUENCE(100,1,12,3)),INDEX(IM:IM,_xlfn.SEQUENCE(100,1,12,3))<>""),"")<>"")*1)} -> 0 | IN2: {=SUMPRODUCT((IFERROR(_xlfn._xlws.FILTER(INDEX(IN:IN,_xlfn.SEQUENCE(100,1,12,3)),INDEX(IN:IN,_xlfn.SEQUENCE(100,1,12,3))<>""),"")<>"")*1)} -> 0 | IO2: {=SUMPRODUCT((IFERROR(_xlfn._xlws.FILTER(INDEX(IO:IO,_xlfn.SEQUENCE(100,1,12,3)),INDEX(IO:IO,_xlfn.SEQUENCE(100,1,12,3))<>""),"")<>"")*1)} -> 0 | IP2: {=SUMPRODUCT((IFERROR(_xlfn._xlws.FILTER(INDEX(IP:IP,_xlfn.SEQUENCE(100,1,12,3)),INDEX(IP:IP,_xlfn.SEQUENCE(100,1,12,3))<>""),"")<>"")*1)} -> 0 | IQ2: {=SUMPRODUCT((IFERROR(_xlfn._xlws.FILTER(INDEX(IQ:IQ,_xlfn.SEQUENCE(100,1,12,3)),INDEX(IQ:IQ,_xlfn.SEQUENCE(100,1,12,3))<>""),"")<>"")*1)} -> 0 | IR2: {=SUMPRODUCT((IFERROR(_xlfn._xlws.FILTER(INDEX(IR:IR,_xlfn.SEQUENCE(100,1,12,3)),INDEX(IR:IR,_xlfn.SEQUENCE(100,1,12,3))<>""),"")<>"")*1)} -> 0 | IS2: {=SUMPRODUCT((IFERROR(_xlfn._xlws.FILTER(INDEX(IS:IS,_xlfn.SEQUENCE(100,1,12,3)),INDEX(IS:IS,_xlfn.SEQUENCE(100,1,12,3))<>""),"")<>"")*1)} -> 0 | IT2: {=SUMPRODUCT((IFERROR(_xlfn._xlws.FILTER(INDEX(IT:IT,_xlfn.SEQUENCE(100,1,12,3)),INDEX(IT:IT,_xlfn.SEQUENCE(100,1,12,3))<>""),"")<>"")*1)} -> 0 | IU2: {=SUMPRODUCT((IFERROR(_xlfn._xlws.FILTER(INDEX(IU:IU,_xlfn.SEQUENCE(100,1,12,3)),INDEX(IU:IU,_xlfn.SEQUENCE(100,1,12,3))<>""),"")<>"")*1)} -> 0 | IV2: {=SUMPRODUCT((IFERROR(_xlfn._xlws.FILTER(INDEX(IV:IV,_xlfn.SEQUENCE(100,1,12,3)),INDEX(IV:IV,_xlfn.SEQUENCE(100,1,12,3))<>""),"")<>"")*1)} -> 0 | IW2: {=SUMPRODUCT((IFERROR(_xlfn._xlws.FILTER(INDEX(IW:IW,_xlfn.SEQUENCE(100,1,12,3)),INDEX(IW:IW,_xlfn.SEQUENCE(100,1,12,3))<>""),"")<>"")*1)} -> 0 | IX2: {=SUMPRODUCT((IFERROR(_xlfn._xlws.FILTER(INDEX(IX:IX,_xlfn.SEQUENCE(100,1,12,3)),INDEX(IX:IX,_xlfn.SEQUENCE(100,1,12,3))<>""),"")<>"")*1)} -> 0 | IY2: {=SUMPRODUCT((IFERROR(_xlfn._xlws.FILTER(INDEX(IY:IY,_xlfn.SEQUENCE(100,1,12,3)),INDEX(IY:IY,_xlfn.SEQUENCE(100,1,12,3))<>""),"")<>"")*1)} -> 0 | IZ2: {=SUMPRODUCT((IFERROR(_xlfn._xlws.FILTER(INDEX(IZ:IZ,_xlfn.SEQUENCE(100,1,12,3)),INDEX(IZ:IZ,_xlfn.SEQUENCE(100,1,12,3))<>""),"")<>"")*1)} -> 0 | JA2: {=SUMPRODUCT((IFERROR(_xlfn._xlws.FILTER(INDEX(JA:JA,_xlfn.SEQUENCE(100,1,12,3)),INDEX(JA:JA,_xlfn.SEQUENCE(100,1,12,3))<>""),"")<>"")*1)} -> 0 | JB2: {=SUMPRODUCT((IFERROR(_xlfn._xlws.FILTER(INDEX(JB:JB,_xlfn.SEQUENCE(100,1,12,3)),INDEX(JB:JB,_xlfn.SEQUENCE(100,1,12,3))<>""),"")<>"")*1)} -> 0 | JC2: {=SUMPRODUCT((IFERROR(_xlfn._xlws.FILTER(INDEX(JC:JC,_xlfn.SEQUENCE(100,1,12,3)),INDEX(JC:JC,_xlfn.SEQUENCE(100,1,12,3))<>""),"")<>"")*1)} -> 0 | JD2: {=SUMPRODUCT((IFERROR(_xlfn._xlws.FILTER(INDEX(JD:JD,_xlfn.SEQUENCE(100,1,12,3)),INDEX(JD:JD,_xlfn.SEQUENCE(100,1,12,3))<>""),"")<>"")*1)} -> 0 | JE2: {=SUMPRODUCT((IFERROR(_xlfn._xlws.FILTER(INDEX(JE:JE,_xlfn.SEQUENCE(100,1,12,3)),INDEX(JE:JE,_xlfn.SEQUENCE(100,1,12,3))<>""),"")<>"")*1)} -> 0 | JF2: {=SUMPRODUCT((IFERROR(_xlfn._xlws.FILTER(INDEX(JF:JF,_xlfn.SEQUENCE(100,1,12,3)),INDEX(JF:JF,_xlfn.SEQUENCE(100,1,12,3))<>""),"")<>"")*1)} -> 0 | JG2: {=SUMPRODUCT((IFERROR(_xlfn._xlws.FILTER(INDEX(JG:JG,_xlfn.SEQUENCE(100,1,12,3)),INDEX(JG:JG,_xlfn.SEQUENCE(100,1,12,3))<>""),"")<>"")*1)} -> 0 | JH2: {=SUMPRODUCT((IFERROR(_xlfn._xlws.FILTER(INDEX(JH:JH,_xlfn.SEQUENCE(100,1,12,3)),INDEX(JH:JH,_xlfn.SEQUENCE(100,1,12,3))<>""),"")<>"")*1)} -> 0 | JI2: {=SUMPRODUCT((IFERROR(_xlfn._xlws.FILTER(INDEX(JI:JI,_xlfn.SEQUENCE(100,1,12,3)),INDEX(JI:JI,_xlfn.SEQUENCE(100,1,12,3))<>""),"")<>"")*1)} -> 0 | JJ2: {=SUMPRODUCT((IFERROR(_xlfn._xlws.FILTER(INDEX(JJ:JJ,_xlfn.SEQUENCE(100,1,12,3)),INDEX(JJ:JJ,_xlfn.SEQUENCE(100,1,12,3))<>""),"")<>"")*1)} -> 0 | JK2: {=SUMPRODUCT((IFERROR(_xlfn._xlws.FILTER(INDEX(JK:JK,_xlfn.SEQUENCE(100,1,12,3)),INDEX(JK:JK,_xlfn.SEQUENCE(100,1,12,3))<>""),"")<>"")*1)} -> 0 | JL2: {=SUMPRODUCT((IFERROR(_xlfn._xlws.FILTER(INDEX(JL:JL,_xlfn.SEQUENCE(100,1,12,3)),INDEX(JL:JL,_xlfn.SEQUENCE(100,1,12,3))<>""),"")<>"")*1)} -> 0 | JM2: {=SUMPRODUCT((IFERROR(_xlfn._xlws.FILTER(INDEX(JM:JM,_xlfn.SEQUENCE(100,1,12,3)),INDEX(JM:JM,_xlfn.SEQUENCE(100,1,12,3))<>""),"")<>"")*1)} -> 0 | JN2: {=SUMPRODUCT((IFERROR(_xlfn._xlws.FILTER(INDEX(JN:JN,_xlfn.SEQUENCE(100,1,12,3)),INDEX(JN:JN,_xlfn.SEQUENCE(100,1,12,3))<>""),"")<>"")*1)} -> 0 | JO2: {=SUMPRODUCT((IFERROR(_xlfn._xlws.FILTER(INDEX(JO:JO,_xlfn.SEQUENCE(100,1,12,3)),INDEX(JO:JO,_xlfn.SEQUENCE(100,1,12,3))<>""),"")<>"")*1)} -> 0 | JP2: {=SUMPRODUCT((IFERROR(_xlfn._xlws.FILTER(INDEX(JP:JP,_xlfn.SEQUENCE(100,1,12,3)),INDEX(JP:JP,_xlfn.SEQUENCE(100,1,12,3))<>""),"")<>"")*1)} -> 0 | JQ2: {=SUMPRODUCT((IFERROR(_xlfn._xlws.FILTER(INDEX(JQ:JQ,_xlfn.SEQUENCE(100,1,12,3)),INDEX(JQ:JQ,_xlfn.SEQUENCE(100,1,12,3))<>""),"")<>"")*1)} -> 0 | JR2: {=SUMPRODUCT((IFERROR(_xlfn._xlws.FILTER(INDEX(JR:JR,_xlfn.SEQUENCE(100,1,12,3)),INDEX(JR:JR,_xlfn.SEQUENCE(100,1,12,3))<>""),"")<>"")*1)} -> 0 | JS2: {=SUMPRODUCT((IFERROR(_xlfn._xlws.FILTER(INDEX(JS:JS,_xlfn.SEQUENCE(100,1,12,3)),INDEX(JS:JS,_xlfn.SEQUENCE(100,1,12,3))<>""),"")<>"")*1)} -> 0 | JT2: {=SUMPRODUCT((IFERROR(_xlfn._xlws.FILTER(INDEX(JT:JT,_xlfn.SEQUENCE(100,1,12,3)),INDEX(JT:JT,_xlfn.SEQUENCE(100,1,12,3))<>""),"")<>"")*1)} -> 0 | JU2: {=SUMPRODUCT((IFERROR(_xlfn._xlws.FILTER(INDEX(JU:JU,_xlfn.SEQUENCE(100,1,12,3)),INDEX(JU:JU,_xlfn.SEQUENCE(100,1,12,3))<>""),"")<>"")*1)} -> 0 | JV2: {=SUMPRODUCT((IFERROR(_xlfn._xlws.FILTER(INDEX(JV:JV,_xlfn.SEQUENCE(100,1,12,3)),INDEX(JV:JV,_xlfn.SEQUENCE(100,1,12,3))<>""),"")<>"")*1)} -> 0 | JW2: {=SUMPRODUCT((IFERROR(_xlfn._xlws.FILTER(INDEX(JW:JW,_xlfn.SEQUENCE(100,1,12,3)),INDEX(JW:JW,_xlfn.SEQUENCE(100,1,12,3))<>""),"")<>"")*1)} -> 0 | JX2: {=SUMPRODUCT((IFERROR(_xlfn._xlws.FILTER(INDEX(JX:JX,_xlfn.SEQUENCE(100,1,12,3)),INDEX(JX:JX,_xlfn.SEQUENCE(100,1,12,3))<>""),"")<>"")*1)} -> 0 | JY2: {=SUMPRODUCT((IFERROR(_xlfn._xlws.FILTER(INDEX(JY:JY,_xlfn.SEQUENCE(100,1,12,3)),INDEX(JY:JY,_xlfn.SEQUENCE(100,1,12,3))<>""),"")<>"")*1)} -> 0 | JZ2: {=SUMPRODUCT((IFERROR(_xlfn._xlws.FILTER(INDEX(JZ:JZ,_xlfn.SEQUENCE(100,1,12,3)),INDEX(JZ:JZ,_xlfn.SEQUENCE(100,1,12,3))<>""),"")<>"")*1)} -> 0 | KA2: {=SUMPRODUCT((IFERROR(_xlfn._xlws.FILTER(INDEX(KA:KA,_xlfn.SEQUENCE(100,1,12,3)),INDEX(KA:KA,_xlfn.SEQUENCE(100,1,12,3))<>""),"")<>"")*1)} -> 0 | KB2: {=SUMPRODUCT((IFERROR(_xlfn._xlws.FILTER(INDEX(KB:KB,_xlfn.SEQUENCE(100,1,12,3)),INDEX(KB:KB,_xlfn.SEQUENCE(100,1,12,3))<>""),"")<>"")*1)} -> 0 | KC2: {=SUMPRODUCT((IFERROR(_xlfn._xlws.FILTER(INDEX(KC:KC,_xlfn.SEQUENCE(100,1,12,3)),INDEX(KC:KC,_xlfn.SEQUENCE(100,1,12,3))<>""),"")<>"")*1)} -> 0 | KD2: {=SUMPRODUCT((IFERROR(_xlfn._xlws.FILTER(INDEX(KD:KD,_xlfn.SEQUENCE(100,1,12,3)),INDEX(KD:KD,_xlfn.SEQUENCE(100,1,12,3))<>""),"")<>"")*1)} -> 0 | KE2: {=SUMPRODUCT((IFERROR(_xlfn._xlws.FILTER(INDEX(KE:KE,_xlfn.SEQUENCE(100,1,12,3)),INDEX(KE:KE,_xlfn.SEQUENCE(100,1,12,3))<>""),"")<>"")*1)} -> 0 | KF2: {=SUMPRODUCT((IFERROR(_xlfn._xlws.FILTER(INDEX(KF:KF,_xlfn.SEQUENCE(100,1,12,3)),INDEX(KF:KF,_xlfn.SEQUENCE(100,1,12,3))<>""),"")<>"")*1)} -> 0 | KG2: {=SUMPRODUCT((IFERROR(_xlfn._xlws.FILTER(INDEX(KG:KG,_xlfn.SEQUENCE(100,1,12,3)),INDEX(KG:KG,_xlfn.SEQUENCE(100,1,12,3))<>""),"")<>"")*1)} -> 0 | KH2: {=SUMPRODUCT((IFERROR(_xlfn._xlws.FILTER(INDEX(KH:KH,_xlfn.SEQUENCE(100,1,12,3)),INDEX(KH:KH,_xlfn.SEQUENCE(100,1,12,3))<>""),"")<>"")*1)} -> 0 | KI2: {=SUMPRODUCT((IFERROR(_xlfn._xlws.FILTER(INDEX(KI:KI,_xlfn.SEQUENCE(100,1,12,3)),INDEX(KI:KI,_xlfn.SEQUENCE(100,1,12,3))<>""),"")<>"")*1)} -> 0 | KJ2: {=SUMPRODUCT((IFERROR(_xlfn._xlws.FILTER(INDEX(KJ:KJ,_xlfn.SEQUENCE(100,1,12,3)),INDEX(KJ:KJ,_xlfn.SEQUENCE(100,1,12,3))<>""),"")<>"")*1)} -> 0 | KK2: {=SUMPRODUCT((IFERROR(_xlfn._xlws.FILTER(INDEX(KK:KK,_xlfn.SEQUENCE(100,1,12,3)),INDEX(KK:KK,_xlfn.SEQUENCE(100,1,12,3))<>""),"")<>"")*1)} -> 0 | KL2: {=SUMPRODUCT((IFERROR(_xlfn._xlws.FILTER(INDEX(KL:KL,_xlfn.SEQUENCE(100,1,12,3)),INDEX(KL:KL,_xlfn.SEQUENCE(100,1,12,3))<>""),"")<>"")*1)} -> 0 | KM2: {=SUMPRODUCT((IFERROR(_xlfn._xlws.FILTER(INDEX(KM:KM,_xlfn.SEQUENCE(100,1,12,3)),INDEX(KM:KM,_xlfn.SEQUENCE(100,1,12,3))<>""),"")<>"")*1)} -> 0 | KN2: {=SUMPRODUCT((IFERROR(_xlfn._xlws.FILTER(INDEX(KN:KN,_xlfn.SEQUENCE(100,1,12,3)),INDEX(KN:KN,_xlfn.SEQUENCE(100,1,12,3))<>""),"")<>"")*1)} -> 0 | KO2: {=SUMPRODUCT((IFERROR(_xlfn._xlws.FILTER(INDEX(KO:KO,_xlfn.SEQUENCE(100,1,12,3)),INDEX(KO:KO,_xlfn.SEQUENCE(100,1,12,3))<>""),"")<>"")*1)} -> 0 | KP2: {=SUMPRODUCT((IFERROR(_xlfn._xlws.FILTER(INDEX(KP:KP,_xlfn.SEQUENCE(100,1,12,3)),INDEX(KP:KP,_xlfn.SEQUENCE(100,1,12,3))<>""),"")<>"")*1)} -> 0 | KQ2: {=SUMPRODUCT((IFERROR(_xlfn._xlws.FILTER(INDEX(KQ:KQ,_xlfn.SEQUENCE(100,1,12,3)),INDEX(KQ:KQ,_xlfn.SEQUENCE(100,1,12,3))<>""),"")<>"")*1)} -> 0 | KR2: {=SUMPRODUCT((IFERROR(_xlfn._xlws.FILTER(INDEX(KR:KR,_xlfn.SEQUENCE(100,1,12,3)),INDEX(KR:KR,_xlfn.SEQUENCE(100,1,12,3))<>""),"")<>"")*1)} -> 0 | KS2: {=SUMPRODUCT((IFERROR(_xlfn._xlws.FILTER(INDEX(KS:KS,_xlfn.SEQUENCE(100,1,12,3)),INDEX(KS:KS,_xlfn.SEQUENCE(100,1,12,3))<>""),"")<>"")*1)} -> 0 | KT2: {=SUMPRODUCT((IFERROR(_xlfn._xlws.FILTER(INDEX(KT:KT,_xlfn.SEQUENCE(100,1,12,3)),INDEX(KT:KT,_xlfn.SEQUENCE(100,1,12,3))<>""),"")<>"")*1)} -> 0 | KU2: {=SUMPRODUCT((IFERROR(_xlfn._xlws.FILTER(INDEX(KU:KU,_xlfn.SEQUENCE(100,1,12,3)),INDEX(KU:KU,_xlfn.SEQUENCE(100,1,12,3))<>""),"")<>"")*1)} -> 0 | KV2: {=SUMPRODUCT((IFERROR(_xlfn._xlws.FILTER(INDEX(KV:KV,_xlfn.SEQUENCE(100,1,12,3)),INDEX(KV:KV,_xlfn.SEQUENCE(100,1,12,3))<>""),"")<>"")*1)} -> 0 | KW2: {=SUMPRODUCT((IFERROR(_xlfn._xlws.FILTER(INDEX(KW:KW,_xlfn.SEQUENCE(100,1,12,3)),INDEX(KW:KW,_xlfn.SEQUENCE(100,1,12,3))<>""),"")<>"")*1)} -> 0 | KX2: {=SUMPRODUCT((IFERROR(_xlfn._xlws.FILTER(INDEX(KX:KX,_xlfn.SEQUENCE(100,1,12,3)),INDEX(KX:KX,_xlfn.SEQUENCE(100,1,12,3))<>""),"")<>"")*1)} -> 0 | KY2: {=SUMPRODUCT((IFERROR(_xlfn._xlws.FILTER(INDEX(KY:KY,_xlfn.SEQUENCE(100,1,12,3)),INDEX(KY:KY,_xlfn.SEQUENCE(100,1,12,3))<>""),"")<>"")*1)} -> 0 | KZ2: {=SUMPRODUCT((IFERROR(_xlfn._xlws.FILTER(INDEX(KZ:KZ,_xlfn.SEQUENCE(100,1,12,3)),INDEX(KZ:KZ,_xlfn.SEQUENCE(100,1,12,3))<>""),"")<>"")*1)} -> 0 | LA2: {=SUMPRODUCT((IFERROR(_xlfn._xlws.FILTER(INDEX(LA:LA,_xlfn.SEQUENCE(100,1,12,3)),INDEX(LA:LA,_xlfn.SEQUENCE(100,1,12,3))<>""),"")<>"")*1)} -> 0 | LB2: {=SUMPRODUCT((IFERROR(_xlfn._xlws.FILTER(INDEX(LB:LB,_xlfn.SEQUENCE(100,1,12,3)),INDEX(LB:LB,_xlfn.SEQUENCE(100,1,12,3))<>""),"")<>"")*1)} -> 0 | LC2: {=SUMPRODUCT((IFERROR(_xlfn._xlws.FILTER(INDEX(LC:LC,_xlfn.SEQUENCE(100,1,12,3)),INDEX(LC:LC,_xlfn.SEQUENCE(100,1,12,3))<>""),"")<>"")*1)} -> 0 | LD2: {=SUMPRODUCT((IFERROR(_xlfn._xlws.FILTER(INDEX(LD:LD,_xlfn.SEQUENCE(100,1,12,3)),INDEX(LD:LD,_xlfn.SEQUENCE(100,1,12,3))<>""),"")<>"")*1)} -> 0 | LE2: {=SUMPRODUCT((IFERROR(_xlfn._xlws.FILTER(INDEX(LE:LE,_xlfn.SEQUENCE(100,1,12,3)),INDEX(LE:LE,_xlfn.SEQUENCE(100,1,12,3))<>""),"")<>"")*1)} -> 0 | LF2: {=SUMPRODUCT((IFERROR(_xlfn._xlws.FILTER(INDEX(LF:LF,_xlfn.SEQUENCE(100,1,12,3)),INDEX(LF:LF,_xlfn.SEQUENCE(100,1,12,3))<>""),"")<>"")*1)} -> 0 | LG2: {=SUMPRODUCT((IFERROR(_xlfn._xlws.FILTER(INDEX(LG:LG,_xlfn.SEQUENCE(100,1,12,3)),INDEX(LG:LG,_xlfn.SEQUENCE(100,1,12,3))<>""),"")<>"")*1)} -> 0 | LH2: {=SUMPRODUCT((IFERROR(_xlfn._xlws.FILTER(INDEX(LH:LH,_xlfn.SEQUENCE(100,1,12,3)),INDEX(LH:LH,_xlfn.SEQUENCE(100,1,12,3))<>""),"")<>"")*1)} -> 0 | LI2: {=SUMPRODUCT((IFERROR(_xlfn._xlws.FILTER(INDEX(LI:LI,_xlfn.SEQUENCE(100,1,12,3)),INDEX(LI:LI,_xlfn.SEQUENCE(100,1,12,3))<>""),"")<>"")*1)} -> 0 | LJ2: {=SUMPRODUCT((IFERROR(_xlfn._xlws.FILTER(INDEX(LJ:LJ,_xlfn.SEQUENCE(100,1,12,3)),INDEX(LJ:LJ,_xlfn.SEQUENCE(100,1,12,3))<>""),"")<>"")*1)} -> 0 | LK2: {=SUMPRODUCT((IFERROR(_xlfn._xlws.FILTER(INDEX(LK:LK,_xlfn.SEQUENCE(100,1,12,3)),INDEX(LK:LK,_xlfn.SEQUENCE(100,1,12,3))<>""),"")<>"")*1)} -> 0 | LL2: {=SUMPRODUCT((IFERROR(_xlfn._xlws.FILTER(INDEX(LL:LL,_xlfn.SEQUENCE(100,1,12,3)),INDEX(LL:LL,_xlfn.SEQUENCE(100,1,12,3))<>""),"")<>"")*1)} -> 0 | LM2: {=SUMPRODUCT((IFERROR(_xlfn._xlws.FILTER(INDEX(LM:LM,_xlfn.SEQUENCE(100,1,12,3)),INDEX(LM:LM,_xlfn.SEQUENCE(100,1,12,3))<>""),"")<>"")*1)} -> 0 | LN2: {=SUMPRODUCT((IFERROR(_xlfn._xlws.FILTER(INDEX(LN:LN,_xlfn.SEQUENCE(100,1,12,3)),INDEX(LN:LN,_xlfn.SEQUENCE(100,1,12,3))<>""),"")<>"")*1)} -> 0 | LO2: {=SUMPRODUCT((IFERROR(_xlfn._xlws.FILTER(INDEX(LO:LO,_xlfn.SEQUENCE(100,1,12,3)),INDEX(LO:LO,_xlfn.SEQUENCE(100,1,12,3))<>""),"")<>"")*1)} -> 0 | LP2: {=SUMPRODUCT((IFERROR(_xlfn._xlws.FILTER(INDEX(LP:LP,_xlfn.SEQUENCE(100,1,12,3)),INDEX(LP:LP,_xlfn.SEQUENCE(100,1,12,3))<>""),"")<>"")*1)} -> 0 | LQ2: {=SUMPRODUCT((IFERROR(_xlfn._xlws.FILTER(INDEX(LQ:LQ,_xlfn.SEQUENCE(100,1,12,3)),INDEX(LQ:LQ,_xlfn.SEQUENCE(100,1,12,3))<>""),"")<>"")*1)} -> 0 | LR2: {=SUMPRODUCT((IFERROR(_xlfn._xlws.FILTER(INDEX(LR:LR,_xlfn.SEQUENCE(100,1,12,3)),INDEX(LR:LR,_xlfn.SEQUENCE(100,1,12,3))<>""),"")<>"")*1)} -> 0 | LS2: {=SUMPRODUCT((IFERROR(_xlfn._xlws.FILTER(INDEX(LS:LS,_xlfn.SEQUENCE(100,1,12,3)),INDEX(LS:LS,_xlfn.SEQUENCE(100,1,12,3))<>""),"")<>"")*1)} -> 0 | LT2: {=SUMPRODUCT((IFERROR(_xlfn._xlws.FILTER(INDEX(LT:LT,_xlfn.SEQUENCE(100,1,12,3)),INDEX(LT:LT,_xlfn.SEQUENCE(100,1,12,3))<>""),"")<>"")*1)} -> 0 | LU2: {=SUMPRODUCT((IFERROR(_xlfn._xlws.FILTER(INDEX(LU:LU,_xlfn.SEQUENCE(100,1,12,3)),INDEX(LU:LU,_xlfn.SEQUENCE(100,1,12,3))<>""),"")<>"")*1)} -> 0 | LV2: {=SUMPRODUCT((IFERROR(_xlfn._xlws.FILTER(INDEX(LV:LV,_xlfn.SEQUENCE(100,1,12,3)),INDEX(LV:LV,_xlfn.SEQUENCE(100,1,12,3))<>""),"")<>"")*1)} -> 0 | LW2: {=SUMPRODUCT((IFERROR(_xlfn._xlws.FILTER(INDEX(LW:LW,_xlfn.SEQUENCE(100,1,12,3)),INDEX(LW:LW,_xlfn.SEQUENCE(100,1,12,3))<>""),"")<>"")*1)} -> 0 | LX2: {=SUMPRODUCT((IFERROR(_xlfn._xlws.FILTER(INDEX(LX:LX,_xlfn.SEQUENCE(100,1,12,3)),INDEX(LX:LX,_xlfn.SEQUENCE(100,1,12,3))<>""),"")<>"")*1)} -> 0 | LY2: {=SUMPRODUCT((IFERROR(_xlfn._xlws.FILTER(INDEX(LY:LY,_xlfn.SEQUENCE(100,1,12,3)),INDEX(LY:LY,_xlfn.SEQUENCE(100,1,12,3))<>""),"")<>"")*1)} -> 0 | LZ2: {=SUMPRODUCT((IFERROR(_xlfn._xlws.FILTER(INDEX(LZ:LZ,_xlfn.SEQUENCE(100,1,12,3)),INDEX(LZ:LZ,_xlfn.SEQUENCE(100,1,12,3))<>""),"")<>"")*1)} -> 0 | MA2: {=SUMPRODUCT((IFERROR(_xlfn._xlws.FILTER(INDEX(MA:MA,_xlfn.SEQUENCE(100,1,12,3)),INDEX(MA:MA,_xlfn.SEQUENCE(100,1,12,3))<>""),"")<>"")*1)} -> 0 | MB2: {=SUMPRODUCT((IFERROR(_xlfn._xlws.FILTER(INDEX(MB:MB,_xlfn.SEQUENCE(100,1,12,3)),INDEX(MB:MB,_xlfn.SEQUENCE(100,1,12,3))<>""),"")<>"")*1)} -> 0 | MC2: {=SUMPRODUCT((IFERROR(_xlfn._xlws.FILTER(INDEX(MC:MC,_xlfn.SEQUENCE(100,1,12,3)),INDEX(MC:MC,_xlfn.SEQUENCE(100,1,12,3))<>""),"")<>"")*1)} -> 0 | MD2: {=SUMPRODUCT((IFERROR(_xlfn._xlws.FILTER(INDEX(MD:MD,_xlfn.SEQUENCE(100,1,12,3)),INDEX(MD:MD,_xlfn.SEQUENCE(100,1,12,3))<>""),"")<>"")*1)} -> 0 | ME2: {=SUMPRODUCT((IFERROR(_xlfn._xlws.FILTER(INDEX(ME:ME,_xlfn.SEQUENCE(100,1,12,3)),INDEX(ME:ME,_xlfn.SEQUENCE(100,1,12,3))<>""),"")<>"")*1)} -> 0 | MF2: {=SUMPRODUCT((IFERROR(_xlfn._xlws.FILTER(INDEX(MF:MF,_xlfn.SEQUENCE(100,1,12,3)),INDEX(MF:MF,_xlfn.SEQUENCE(100,1,12,3))<>""),"")<>"")*1)} -> 0 | MG2: {=SUMPRODUCT((IFERROR(_xlfn._xlws.FILTER(INDEX(MG:MG,_xlfn.SEQUENCE(100,1,12,3)),INDEX(MG:MG,_xlfn.SEQUENCE(100,1,12,3))<>""),"")<>"")*1)} -> 0 | MH2: {=SUMPRODUCT((IFERROR(_xlfn._xlws.FILTER(INDEX(MH:MH,_xlfn.SEQUENCE(100,1,12,3)),INDEX(MH:MH,_xlfn.SEQUENCE(100,1,12,3))<>""),"")<>"")*1)} -> 0 | MI2: {=SUMPRODUCT((IFERROR(_xlfn._xlws.FILTER(INDEX(MI:MI,_xlfn.SEQUENCE(100,1,12,3)),INDEX(MI:MI,_xlfn.SEQUENCE(100,1,12,3))<>""),"")<>"")*1)} -> 0 | MJ2: {=SUMPRODUCT((IFERROR(_xlfn._xlws.FILTER(INDEX(MJ:MJ,_xlfn.SEQUENCE(100,1,12,3)),INDEX(MJ:MJ,_xlfn.SEQUENCE(100,1,12,3))<>""),"")<>"")*1)} -> 0 | MK2: {=SUMPRODUCT((IFERROR(_xlfn._xlws.FILTER(INDEX(MK:MK,_xlfn.SEQUENCE(100,1,12,3)),INDEX(MK:MK,_xlfn.SEQUENCE(100,1,12,3))<>""),"")<>"")*1)} -> 0 | ML2: {=SUMPRODUCT((IFERROR(_xlfn._xlws.FILTER(INDEX(ML:ML,_xlfn.SEQUENCE(100,1,12,3)),INDEX(ML:ML,_xlfn.SEQUENCE(100,1,12,3))<>""),"")<>"")*1)} -> 0 | MM2: {=SUMPRODUCT((IFERROR(_xlfn._xlws.FILTER(INDEX(MM:MM,_xlfn.SEQUENCE(100,1,12,3)),INDEX(MM:MM,_xlfn.SEQUENCE(100,1,12,3))<>""),"")<>"")*1)} -> 0 | MN2: {=SUMPRODUCT((IFERROR(_xlfn._xlws.FILTER(INDEX(MN:MN,_xlfn.SEQUENCE(100,1,12,3)),INDEX(MN:MN,_xlfn.SEQUENCE(100,1,12,3))<>""),"")<>"")*1)} -> 0 | MO2: {=SUMPRODUCT((IFERROR(_xlfn._xlws.FILTER(INDEX(MO:MO,_xlfn.SEQUENCE(100,1,12,3)),INDEX(MO:MO,_xlfn.SEQUENCE(100,1,12,3))<>""),"")<>"")*1)} -> 0 | MP2: {=SUMPRODUCT((IFERROR(_xlfn._xlws.FILTER(INDEX(MP:MP,_xlfn.SEQUENCE(100,1,12,3)),INDEX(MP:MP,_xlfn.SEQUENCE(100,1,12,3))<>""),"")<>"")*1)} -> 0 | MQ2: {=SUMPRODUCT((IFERROR(_xlfn._xlws.FILTER(INDEX(MQ:MQ,_xlfn.SEQUENCE(100,1,12,3)),INDEX(MQ:MQ,_xlfn.SEQUENCE(100,1,12,3))<>""),"")<>"")*1)} -> 0 | MR2: {=SUMPRODUCT((IFERROR(_xlfn._xlws.FILTER(INDEX(MR:MR,_xlfn.SEQUENCE(100,1,12,3)),INDEX(MR:MR,_xlfn.SEQUENCE(100,1,12,3))<>""),"")<>"")*1)} -> 0 | MS2: {=SUMPRODUCT((IFERROR(_xlfn._xlws.FILTER(INDEX(MS:MS,_xlfn.SEQUENCE(100,1,12,3)),INDEX(MS:MS,_xlfn.SEQUENCE(100,1,12,3))<>""),"")<>"")*1)} -> 0 | MT2: {=SUMPRODUCT((IFERROR(_xlfn._xlws.FILTER(INDEX(MT:MT,_xlfn.SEQUENCE(100,1,12,3)),INDEX(MT:MT,_xlfn.SEQUENCE(100,1,12,3))<>""),"")<>"")*1)} -> 0 | MU2: {=SUMPRODUCT((IFERROR(_xlfn._xlws.FILTER(INDEX(MU:MU,_xlfn.SEQUENCE(100,1,12,3)),INDEX(MU:MU,_xlfn.SEQUENCE(100,1,12,3))<>""),"")<>"")*1)} -> 0 | MV2: {=SUMPRODUCT((IFERROR(_xlfn._xlws.FILTER(INDEX(MV:MV,_xlfn.SEQUENCE(100,1,12,3)),INDEX(MV:MV,_xlfn.SEQUENCE(100,1,12,3))<>""),"")<>"")*1)} -> 0 | MW2: {=SUMPRODUCT((IFERROR(_xlfn._xlws.FILTER(INDEX(MW:MW,_xlfn.SEQUENCE(100,1,12,3)),INDEX(MW:MW,_xlfn.SEQUENCE(100,1,12,3))<>""),"")<>"")*1)} -> 0 | MX2: {=SUMPRODUCT((IFERROR(_xlfn._xlws.FILTER(INDEX(MX:MX,_xlfn.SEQUENCE(100,1,12,3)),INDEX(MX:MX,_xlfn.SEQUENCE(100,1,12,3))<>""),"")<>"")*1)} -> 0 | MY2: {=SUMPRODUCT((IFERROR(_xlfn._xlws.FILTER(INDEX(MY:MY,_xlfn.SEQUENCE(100,1,12,3)),INDEX(MY:MY,_xlfn.SEQUENCE(100,1,12,3))<>""),"")<>"")*1)} -> 0 | MZ2: {=SUMPRODUCT((IFERROR(_xlfn._xlws.FILTER(INDEX(MZ:MZ,_xlfn.SEQUENCE(100,1,12,3)),INDEX(MZ:MZ,_xlfn.SEQUENCE(100,1,12,3))<>""),"")<>"")*1)} -> 0 | NA2: {=SUMPRODUCT((IFERROR(_xlfn._xlws.FILTER(INDEX(NA:NA,_xlfn.SEQUENCE(100,1,12,3)),INDEX(NA:NA,_xlfn.SEQUENCE(100,1,12,3))<>""),"")<>"")*1)} -> 0 | NB2: {=SUMPRODUCT((IFERROR(_xlfn._xlws.FILTER(INDEX(NB:NB,_xlfn.SEQUENCE(100,1,12,3)),INDEX(NB:NB,_xlfn.SEQUENCE(100,1,12,3))<>""),"")<>"")*1)} -> 0 | NC2: {=SUMPRODUCT((IFERROR(_xlfn._xlws.FILTER(INDEX(NC:NC,_xlfn.SEQUENCE(100,1,12,3)),INDEX(NC:NC,_xlfn.SEQUENCE(100,1,12,3))<>""),"")<>"")*1)} -> 0 | ND2: {=SUMPRODUCT((IFERROR(_xlfn._xlws.FILTER(INDEX(ND:ND,_xlfn.SEQUENCE(100,1,12,3)),INDEX(ND:ND,_xlfn.SEQUENCE(100,1,12,3))<>""),"")<>"")*1)} -> 0 | NE2: {=SUMPRODUCT((IFERROR(_xlfn._xlws.FILTER(INDEX(NE:NE,_xlfn.SEQUENCE(100,1,12,3)),INDEX(NE:NE,_xlfn.SEQUENCE(100,1,12,3))<>""),"")<>"")*1)} -> 0 | NF2: {=SUMPRODUCT((IFERROR(_xlfn._xlws.FILTER(INDEX(NF:NF,_xlfn.SEQUENCE(100,1,12,3)),INDEX(NF:NF,_xlfn.SEQUENCE(100,1,12,3))<>""),"")<>"")*1)} -> 0 | NG2: {=SUMPRODUCT((IFERROR(_xlfn._xlws.FILTER(INDEX(NG:NG,_xlfn.SEQUENCE(100,1,12,3)),INDEX(NG:NG,_xlfn.SEQUENCE(100,1,12,3))<>""),"")<>"")*1)} -> 0 | NH2: {=SUMPRODUCT((IFERROR(_xlfn._xlws.FILTER(INDEX(NH:NH,_xlfn.SEQUENCE(100,1,12,3)),INDEX(NH:NH,_xlfn.SEQUENCE(100,1,12,3))<>""),"")<>"")*1)} -> 0 | NI2: {=SUMPRODUCT((IFERROR(_xlfn._xlws.FILTER(INDEX(NI:NI,_xlfn.SEQUENCE(100,1,12,3)),INDEX(NI:NI,_xlfn.SEQUENCE(100,1,12,3))<>""),"")<>"")*1)} -> 0 | NJ2: {=SUMPRODUCT((IFERROR(_xlfn._xlws.FILTER(INDEX(NJ:NJ,_xlfn.SEQUENCE(100,1,12,3)),INDEX(NJ:NJ,_xlfn.SEQUENCE(100,1,12,3))<>""),"")<>"")*1)} -> 0 | NK2: {=SUMPRODUCT((IFERROR(_xlfn._xlws.FILTER(INDEX(NK:NK,_xlfn.SEQUENCE(100,1,12,3)),INDEX(NK:NK,_xlfn.SEQUENCE(100,1,12,3))<>""),"")<>"")*1)} -> 0 | NL2: {=SUMPRODUCT((IFERROR(_xlfn._xlws.FILTER(INDEX(NL:NL,_xlfn.SEQUENCE(100,1,12,3)),INDEX(NL:NL,_xlfn.SEQUENCE(100,1,12,3))<>""),"")<>"")*1)} -> 0 | NM2: {=SUMPRODUCT((IFERROR(_xlfn._xlws.FILTER(INDEX(NM:NM,_xlfn.SEQUENCE(100,1,12,3)),INDEX(NM:NM,_xlfn.SEQUENCE(100,1,12,3))<>""),"")<>"")*1)} -> 0 | NN2: {=SUMPRODUCT((IFERROR(_xlfn._xlws.FILTER(INDEX(NN:NN,_xlfn.SEQUENCE(100,1,12,3)),INDEX(NN:NN,_xlfn.SEQUENCE(100,1,12,3))<>""),"")<>"")*1)} -> 0 | NO2: {=SUMPRODUCT((IFERROR(_xlfn._xlws.FILTER(INDEX(NO:NO,_xlfn.SEQUENCE(100,1,12,3)),INDEX(NO:NO,_xlfn.SEQUENCE(100,1,12,3))<>""),"")<>"")*1)} -> 0 | NP2: {=SUMPRODUCT((IFERROR(_xlfn._xlws.FILTER(INDEX(NP:NP,_xlfn.SEQUENCE(100,1,12,3)),INDEX(NP:NP,_xlfn.SEQUENCE(100,1,12,3))<>""),"")<>"")*1)} -> 0 | NQ2: {=SUMPRODUCT((IFERROR(_xlfn._xlws.FILTER(INDEX(NQ:NQ,_xlfn.SEQUENCE(100,1,12,3)),INDEX(NQ:NQ,_xlfn.SEQUENCE(100,1,12,3))<>""),"")<>"")*1)} -> 0 | NR2: {=SUMPRODUCT((IFERROR(_xlfn._xlws.FILTER(INDEX(NR:NR,_xlfn.SEQUENCE(100,1,12,3)),INDEX(NR:NR,_xlfn.SEQUENCE(100,1,12,3))<>""),"")<>"")*1)} -> 0 | NS2: {=SUMPRODUCT((IFERROR(_xlfn._xlws.FILTER(INDEX(NS:NS,_xlfn.SEQUENCE(100,1,12,3)),INDEX(NS:NS,_xlfn.SEQUENCE(100,1,12,3))<>""),"")<>"")*1)} -> 0 | NT2: {=SUMPRODUCT((IFERROR(_xlfn._xlws.FILTER(INDEX(NT:NT,_xlfn.SEQUENCE(100,1,12,3)),INDEX(NT:NT,_xlfn.SEQUENCE(100,1,12,3))<>""),"")<>"")*1)} -> 0 | NU2: {=SUMPRODUCT((IFERROR(_xlfn._xlws.FILTER(INDEX(NU:NU,_xlfn.SEQUENCE(100,1,12,3)),INDEX(NU:NU,_xlfn.SEQUENCE(100,1,12,3))<>""),"")<>"")*1)} -> 0 | NV2: {=SUMPRODUCT((IFERROR(_xlfn._xlws.FILTER(INDEX(NV:NV,_xlfn.SEQUENCE(100,1,12,3)),INDEX(NV:NV,_xlfn.SEQUENCE(100,1,12,3))<>""),"")<>"")*1)} -> 0 | NW2: {=SUMPRODUCT((IFERROR(_xlfn._xlws.FILTER(INDEX(NW:NW,_xlfn.SEQUENCE(100,1,12,3)),INDEX(NW:NW,_xlfn.SEQUENCE(100,1,12,3))<>""),"")<>"")*1)} -> 0 | NX2: {=SUMPRODUCT((IFERROR(_xlfn._xlws.FILTER(INDEX(NX:NX,_xlfn.SEQUENCE(100,1,12,3)),INDEX(NX:NX,_xlfn.SEQUENCE(100,1,12,3))<>""),"")<>"")*1)} -> 0 | NY2: {=SUMPRODUCT((IFERROR(_xlfn._xlws.FILTER(INDEX(NY:NY,_xlfn.SEQUENCE(100,1,12,3)),INDEX(NY:NY,_xlfn.SEQUENCE(100,1,12,3))<>""),"")<>"")*1)} -> 0 | NZ2: {=SUMPRODUCT((IFERROR(_xlfn._xlws.FILTER(INDEX(NZ:NZ,_xlfn.SEQUENCE(100,1,12,3)),INDEX(NZ:NZ,_xlfn.SEQUENCE(100,1,12,3))<>""),"")<>"")*1)} -> 0 | OA2: {=SUMPRODUCT((IFERROR(_xlfn._xlws.FILTER(INDEX(OA:OA,_xlfn.SEQUENCE(100,1,12,3)),INDEX(OA:OA,_xlfn.SEQUENCE(100,1,12,3))<>""),"")<>"")*1)} -> 0 | OB2: {=SUMPRODUCT((IFERROR(_xlfn._xlws.FILTER(INDEX(OB:OB,_xlfn.SEQUENCE(100,1,12,3)),INDEX(OB:OB,_xlfn.SEQUENCE(100,1,12,3))<>""),"")<>"")*1)} -> 0 | OC2: {=SUMPRODUCT((IFERROR(_xlfn._xlws.FILTER(INDEX(OC:OC,_xlfn.SEQUENCE(100,1,12,3)),INDEX(OC:OC,_xlfn.SEQUENCE(100,1,12,3))<>""),"")<>"")*1)} -> 0 | OD2: {=SUMPRODUCT((IFERROR(_xlfn._xlws.FILTER(INDEX(OD:OD,_xlfn.SEQUENCE(100,1,12,3)),INDEX(OD:OD,_xlfn.SEQUENCE(100,1,12,3))<>""),"")<>"")*1)} -> 0 | OE2: {=SUMPRODUCT((IFERROR(_xlfn._xlws.FILTER(INDEX(OE:OE,_xlfn.SEQUENCE(100,1,12,3)),INDEX(OE:OE,_xlfn.SEQUENCE(100,1,12,3))<>""),"")<>"")*1)} -> 0 | OF2: {=SUMPRODUCT((IFERROR(_xlfn._xlws.FILTER(INDEX(OF:OF,_xlfn.SEQUENCE(100,1,12,3)),INDEX(OF:OF,_xlfn.SEQUENCE(100,1,12,3))<>""),"")<>"")*1)} -> 0 | OG2: {=SUMPRODUCT((IFERROR(_xlfn._xlws.FILTER(INDEX(OG:OG,_xlfn.SEQUENCE(100,1,12,3)),INDEX(OG:OG,_xlfn.SEQUENCE(100,1,12,3))<>""),"")<>"")*1)} -> 0 | OH2: {=SUMPRODUCT((IFERROR(_xlfn._xlws.FILTER(INDEX(OH:OH,_xlfn.SEQUENCE(100,1,12,3)),INDEX(OH:OH,_xlfn.SEQUENCE(100,1,12,3))<>""),"")<>"")*1)} -> 0 | OI2: {=SUMPRODUCT((IFERROR(_xlfn._xlws.FILTER(INDEX(OI:OI,_xlfn.SEQUENCE(100,1,12,3)),INDEX(OI:OI,_xlfn.SEQUENCE(100,1,12,3))<>""),"")<>"")*1)} -> 0 | OJ2: {=SUMPRODUCT((IFERROR(_xlfn._xlws.FILTER(INDEX(OJ:OJ,_xlfn.SEQUENCE(100,1,12,3)),INDEX(OJ:OJ,_xlfn.SEQUENCE(100,1,12,3))<>""),"")<>"")*1)} -> 0 | OK2: {=SUMPRODUCT((IFERROR(_xlfn._xlws.FILTER(INDEX(OK:OK,_xlfn.SEQUENCE(100,1,12,3)),INDEX(OK:OK,_xlfn.SEQUENCE(100,1,12,3))<>""),"")<>"")*1)} -> 0 | OL2: {=SUMPRODUCT((IFERROR(_xlfn._xlws.FILTER(INDEX(OL:OL,_xlfn.SEQUENCE(100,1,12,3)),INDEX(OL:OL,_xlfn.SEQUENCE(100,1,12,3))<>""),"")<>"")*1)} -> 0 | OM2: {=SUMPRODUCT((IFERROR(_xlfn._xlws.FILTER(INDEX(OM:OM,_xlfn.SEQUENCE(100,1,12,3)),INDEX(OM:OM,_xlfn.SEQUENCE(100,1,12,3))<>""),"")<>"")*1)} -> 0 | ON2: {=SUMPRODUCT((IFERROR(_xlfn._xlws.FILTER(INDEX(ON:ON,_xlfn.SEQUENCE(100,1,12,3)),INDEX(ON:ON,_xlfn.SEQUENCE(100,1,12,3))<>""),"")<>"")*1)} -> 0 | OO2: {=SUMPRODUCT((IFERROR(_xlfn._xlws.FILTER(INDEX(OO:OO,_xlfn.SEQUENCE(100,1,12,3)),INDEX(OO:OO,_xlfn.SEQUENCE(100,1,12,3))<>""),"")<>"")*1)} -> 0 | OP2: {=SUMPRODUCT((IFERROR(_xlfn._xlws.FILTER(INDEX(OP:OP,_xlfn.SEQUENCE(100,1,12,3)),INDEX(OP:OP,_xlfn.SEQUENCE(100,1,12,3))<>""),"")<>"")*1)} -> 0 | OQ2: {=SUMPRODUCT((IFERROR(_xlfn._xlws.FILTER(INDEX(OQ:OQ,_xlfn.SEQUENCE(100,1,12,3)),INDEX(OQ:OQ,_xlfn.SEQUENCE(100,1,12,3))<>""),"")<>"")*1)} -> 0 | OR2: {=SUMPRODUCT((IFERROR(_xlfn._xlws.FILTER(INDEX(OR:OR,_xlfn.SEQUENCE(100,1,12,3)),INDEX(OR:OR,_xlfn.SEQUENCE(100,1,12,3))<>""),"")<>"")*1)} -> 0 | OS2: {=SUMPRODUCT((IFERROR(_xlfn._xlws.FILTER(INDEX(OS:OS,_xlfn.SEQUENCE(100,1,12,3)),INDEX(OS:OS,_xlfn.SEQUENCE(100,1,12,3))<>""),"")<>"")*1)} -> 0 | OT2: {=SUMPRODUCT((IFERROR(_xlfn._xlws.FILTER(INDEX(OT:OT,_xlfn.SEQUENCE(100,1,12,3)),INDEX(OT:OT,_xlfn.SEQUENCE(100,1,12,3))<>""),"")<>"")*1)} -> 0 | OU2: {=SUMPRODUCT((IFERROR(_xlfn._xlws.FILTER(INDEX(OU:OU,_xlfn.SEQUENCE(100,1,12,3)),INDEX(OU:OU,_xlfn.SEQUENCE(100,1,12,3))<>""),"")<>"")*1)} -> 0 | OV2: {=SUMPRODUCT((IFERROR(_xlfn._xlws.FILTER(INDEX(OV:OV,_xlfn.SEQUENCE(100,1,12,3)),INDEX(OV:OV,_xlfn.SEQUENCE(100,1,12,3))<>""),"")<>"")*1)} -> 0 | OW2: {=SUMPRODUCT((IFERROR(_xlfn._xlws.FILTER(INDEX(OW:OW,_xlfn.SEQUENCE(100,1,12,3)),INDEX(OW:OW,_xlfn.SEQUENCE(100,1,12,3))<>""),"")<>"")*1)} -> 0 | OX2: {=SUMPRODUCT((IFERROR(_xlfn._xlws.FILTER(INDEX(OX:OX,_xlfn.SEQUENCE(100,1,12,3)),INDEX(OX:OX,_xlfn.SEQUENCE(100,1,12,3))<>""),"")<>"")*1)} -> 0 | OY2: {=SUMPRODUCT((IFERROR(_xlfn._xlws.FILTER(INDEX(OY:OY,_xlfn.SEQUENCE(100,1,12,3)),INDEX(OY:OY,_xlfn.SEQUENCE(100,1,12,3))<>""),"")<>"")*1)} -> 0 | OZ2: {=SUMPRODUCT((IFERROR(_xlfn._xlws.FILTER(INDEX(OZ:OZ,_xlfn.SEQUENCE(100,1,12,3)),INDEX(OZ:OZ,_xlfn.SEQUENCE(100,1,12,3))<>""),"")<>"")*1)} -> 0 | PA2: {=SUMPRODUCT((IFERROR(_xlfn._xlws.FILTER(INDEX(PA:PA,_xlfn.SEQUENCE(100,1,12,3)),INDEX(PA:PA,_xlfn.SEQUENCE(100,1,12,3))<>""),"")<>"")*1)} -> 0 | PB2: {=SUMPRODUCT((IFERROR(_xlfn._xlws.FILTER(INDEX(PB:PB,_xlfn.SEQUENCE(100,1,12,3)),INDEX(PB:PB,_xlfn.SEQUENCE(100,1,12,3))<>""),"")<>"")*1)} -> 0 | PC2: {=SUMPRODUCT((IFERROR(_xlfn._xlws.FILTER(INDEX(PC:PC,_xlfn.SEQUENCE(100,1,12,3)),INDEX(PC:PC,_xlfn.SEQUENCE(100,1,12,3))<>""),"")<>"")*1)} -> 0 | PD2: {=SUMPRODUCT((IFERROR(_xlfn._xlws.FILTER(INDEX(PD:PD,_xlfn.SEQUENCE(100,1,12,3)),INDEX(PD:PD,_xlfn.SEQUENCE(100,1,12,3))<>""),"")<>"")*1)} -> 0 | PE2: {=SUMPRODUCT((IFERROR(_xlfn._xlws.FILTER(INDEX(PE:PE,_xlfn.SEQUENCE(100,1,12,3)),INDEX(PE:PE,_xlfn.SEQUENCE(100,1,12,3))<>""),"")<>"")*1)} -> 0 | PF2: {=SUMPRODUCT((IFERROR(_xlfn._xlws.FILTER(INDEX(PF:PF,_xlfn.SEQUENCE(100,1,12,3)),INDEX(PF:PF,_xlfn.SEQUENCE(100,1,12,3))<>""),"")<>"")*1)} -> 0 | PG2: {=SUMPRODUCT((IFERROR(_xlfn._xlws.FILTER(INDEX(PG:PG,_xlfn.SEQUENCE(100,1,12,3)),INDEX(PG:PG,_xlfn.SEQUENCE(100,1,12,3))<>""),"")<>"")*1)} -> 0 | PH2: {=SUMPRODUCT((IFERROR(_xlfn._xlws.FILTER(INDEX(PH:PH,_xlfn.SEQUENCE(100,1,12,3)),INDEX(PH:PH,_xlfn.SEQUENCE(100,1,12,3))<>""),"")<>"")*1)} -> 0 | PI2: {=SUMPRODUCT((IFERROR(_xlfn._xlws.FILTER(INDEX(PI:PI,_xlfn.SEQUENCE(100,1,12,3)),INDEX(PI:PI,_xlfn.SEQUENCE(100,1,12,3))<>""),"")<>"")*1)} -> 0 | PJ2: {=SUMPRODUCT((IFERROR(_xlfn._xlws.FILTER(INDEX(PJ:PJ,_xlfn.SEQUENCE(100,1,12,3)),INDEX(PJ:PJ,_xlfn.SEQUENCE(100,1,12,3))<>""),"")<>"")*1)} -> 0 | PK2: {=SUMPRODUCT((IFERROR(_xlfn._xlws.FILTER(INDEX(PK:PK,_xlfn.SEQUENCE(100,1,12,3)),INDEX(PK:PK,_xlfn.SEQUENCE(100,1,12,3))<>""),"")<>"")*1)} -> 0 | PL2: {=SUMPRODUCT((IFERROR(_xlfn._xlws.FILTER(INDEX(PL:PL,_xlfn.SEQUENCE(100,1,12,3)),INDEX(PL:PL,_xlfn.SEQUENCE(100,1,12,3))<>""),"")<>"")*1)} -> 0 | PM2: {=SUMPRODUCT((IFERROR(_xlfn._xlws.FILTER(INDEX(PM:PM,_xlfn.SEQUENCE(100,1,12,3)),INDEX(PM:PM,_xlfn.SEQUENCE(100,1,12,3))<>""),"")<>"")*1)} -> 0 | PN2: {=SUMPRODUCT((IFERROR(_xlfn._xlws.FILTER(INDEX(PN:PN,_xlfn.SEQUENCE(100,1,12,3)),INDEX(PN:PN,_xlfn.SEQUENCE(100,1,12,3))<>""),"")<>"")*1)} -> 0 | PO2: {=SUMPRODUCT((IFERROR(_xlfn._xlws.FILTER(INDEX(PO:PO,_xlfn.SEQUENCE(100,1,12,3)),INDEX(PO:PO,_xlfn.SEQUENCE(100,1,12,3))<>""),"")<>"")*1)} -> 0 | PP2: {=SUMPRODUCT((IFERROR(_xlfn._xlws.FILTER(INDEX(PP:PP,_xlfn.SEQUENCE(100,1,12,3)),INDEX(PP:PP,_xlfn.SEQUENCE(100,1,12,3))<>""),"")<>"")*1)} -> 0 | PQ2: {=SUMPRODUCT((IFERROR(_xlfn._xlws.FILTER(INDEX(PQ:PQ,_xlfn.SEQUENCE(100,1,12,3)),INDEX(PQ:PQ,_xlfn.SEQUENCE(100,1,12,3))<>""),"")<>"")*1)} -> 0 | PR2: {=SUMPRODUCT((IFERROR(_xlfn._xlws.FILTER(INDEX(PR:PR,_xlfn.SEQUENCE(100,1,12,3)),INDEX(PR:PR,_xlfn.SEQUENCE(100,1,12,3))<>""),"")<>"")*1)} -> 0 | PS2: {=SUMPRODUCT((IFERROR(_xlfn._xlws.FILTER(INDEX(PS:PS,_xlfn.SEQUENCE(100,1,12,3)),INDEX(PS:PS,_xlfn.SEQUENCE(100,1,12,3))<>""),"")<>"")*1)} -> 0 | PT2: {=SUMPRODUCT((IFERROR(_xlfn._xlws.FILTER(INDEX(PT:PT,_xlfn.SEQUENCE(100,1,12,3)),INDEX(PT:PT,_xlfn.SEQUENCE(100,1,12,3))<>""),"")<>"")*1)} -> 0 | PU2: {=SUMPRODUCT((IFERROR(_xlfn._xlws.FILTER(INDEX(PU:PU,_xlfn.SEQUENCE(100,1,12,3)),INDEX(PU:PU,_xlfn.SEQUENCE(100,1,12,3))<>""),"")<>"")*1)} -> 0 | PV2: {=SUMPRODUCT((IFERROR(_xlfn._xlws.FILTER(INDEX(PV:PV,_xlfn.SEQUENCE(100,1,12,3)),INDEX(PV:PV,_xlfn.SEQUENCE(100,1,12,3))<>""),"")<>"")*1)} -> 0 | PW2: {=SUMPRODUCT((IFERROR(_xlfn._xlws.FILTER(INDEX(PW:PW,_xlfn.SEQUENCE(100,1,12,3)),INDEX(PW:PW,_xlfn.SEQUENCE(100,1,12,3))<>""),"")<>"")*1)} -> 0 | PX2: {=SUMPRODUCT((IFERROR(_xlfn._xlws.FILTER(INDEX(PX:PX,_xlfn.SEQUENCE(100,1,12,3)),INDEX(PX:PX,_xlfn.SEQUENCE(100,1,12,3))<>""),"")<>"")*1)} -> 0 | PY2: {=SUMPRODUCT((IFERROR(_xlfn._xlws.FILTER(INDEX(PY:PY,_xlfn.SEQUENCE(100,1,12,3)),INDEX(PY:PY,_xlfn.SEQUENCE(100,1,12,3))<>""),"")<>"")*1)} -> 0 | PZ2: {=SUMPRODUCT((IFERROR(_xlfn._xlws.FILTER(INDEX(PZ:PZ,_xlfn.SEQUENCE(100,1,12,3)),INDEX(PZ:PZ,_xlfn.SEQUENCE(100,1,12,3))<>""),"")<>"")*1)} -> 0 | QA2: {=SUMPRODUCT((IFERROR(_xlfn._xlws.FILTER(INDEX(QA:QA,_xlfn.SEQUENCE(100,1,12,3)),INDEX(QA:QA,_xlfn.SEQUENCE(100,1,12,3))<>""),"")<>"")*1)} -> 0 | QB2: {=SUMPRODUCT((IFERROR(_xlfn._xlws.FILTER(INDEX(QB:QB,_xlfn.SEQUENCE(100,1,12,3)),INDEX(QB:QB,_xlfn.SEQUENCE(100,1,12,3))<>""),"")<>"")*1)} -> 0 | QC2: {=SUMPRODUCT((IFERROR(_xlfn._xlws.FILTER(INDEX(QC:QC,_xlfn.SEQUENCE(100,1,12,3)),INDEX(QC:QC,_xlfn.SEQUENCE(100,1,12,3))<>""),"")<>"")*1)} -> 0 | QD2: {=SUMPRODUCT((IFERROR(_xlfn._xlws.FILTER(INDEX(QD:QD,_xlfn.SEQUENCE(100,1,12,3)),INDEX(QD:QD,_xlfn.SEQUENCE(100,1,12,3))<>""),"")<>"")*1)} -> 0 | QE2: {=SUMPRODUCT((IFERROR(_xlfn._xlws.FILTER(INDEX(QE:QE,_xlfn.SEQUENCE(100,1,12,3)),INDEX(QE:QE,_xlfn.SEQUENCE(100,1,12,3))<>""),"")<>"")*1)} -> 0 | QF2: {=SUMPRODUCT((IFERROR(_xlfn._xlws.FILTER(INDEX(QF:QF,_xlfn.SEQUENCE(100,1,12,3)),INDEX(QF:QF,_xlfn.SEQUENCE(100,1,12,3))<>""),"")<>"")*1)} -> 0 | QG2: {=SUMPRODUCT((IFERROR(_xlfn._xlws.FILTER(INDEX(QG:QG,_xlfn.SEQUENCE(100,1,12,3)),INDEX(QG:QG,_xlfn.SEQUENCE(100,1,12,3))<>""),"")<>"")*1)} -> 0 | QH2: {=SUMPRODUCT((IFERROR(_xlfn._xlws.FILTER(INDEX(QH:QH,_xlfn.SEQUENCE(100,1,12,3)),INDEX(QH:QH,_xlfn.SEQUENCE(100,1,12,3))<>""),"")<>"")*1)} -> 0 | QI2: {=SUMPRODUCT((IFERROR(_xlfn._xlws.FILTER(INDEX(QI:QI,_xlfn.SEQUENCE(100,1,12,3)),INDEX(QI:QI,_xlfn.SEQUENCE(100,1,12,3))<>""),"")<>"")*1)} -> 0 | QJ2: {=SUMPRODUCT((IFERROR(_xlfn._xlws.FILTER(INDEX(QJ:QJ,_xlfn.SEQUENCE(100,1,12,3)),INDEX(QJ:QJ,_xlfn.SEQUENCE(100,1,12,3))<>""),"")<>"")*1)} -> 0 | QK2: {=SUMPRODUCT((IFERROR(_xlfn._xlws.FILTER(INDEX(QK:QK,_xlfn.SEQUENCE(100,1,12,3)),INDEX(QK:QK,_xlfn.SEQUENCE(100,1,12,3))<>""),"")<>"")*1)} -> 0 | QL2: {=SUMPRODUCT((IFERROR(_xlfn._xlws.FILTER(INDEX(QL:QL,_xlfn.SEQUENCE(100,1,12,3)),INDEX(QL:QL,_xlfn.SEQUENCE(100,1,12,3))<>""),"")<>"")*1)} -> 0 | QM2: {=SUMPRODUCT((IFERROR(_xlfn._xlws.FILTER(INDEX(QM:QM,_xlfn.SEQUENCE(100,1,12,3)),INDEX(QM:QM,_xlfn.SEQUENCE(100,1,12,3))<>""),"")<>"")*1)} -> 0 | QN2: {=SUMPRODUCT((IFERROR(_xlfn._xlws.FILTER(INDEX(QN:QN,_xlfn.SEQUENCE(100,1,12,3)),INDEX(QN:QN,_xlfn.SEQUENCE(100,1,12,3))<>""),"")<>"")*1)} -> 0 | QO2: {=SUMPRODUCT((IFERROR(_xlfn._xlws.FILTER(INDEX(QO:QO,_xlfn.SEQUENCE(100,1,12,3)),INDEX(QO:QO,_xlfn.SEQUENCE(100,1,12,3))<>""),"")<>"")*1)} -> 0 | QP2: {=SUMPRODUCT((IFERROR(_xlfn._xlws.FILTER(INDEX(QP:QP,_xlfn.SEQUENCE(100,1,12,3)),INDEX(QP:QP,_xlfn.SEQUENCE(100,1,12,3))<>""),"")<>"")*1)} -> 0 | QQ2: {=SUMPRODUCT((IFERROR(_xlfn._xlws.FILTER(INDEX(QQ:QQ,_xlfn.SEQUENCE(100,1,12,3)),INDEX(QQ:QQ,_xlfn.SEQUENCE(100,1,12,3))<>""),"")<>"")*1)} -> 0 | QR2: {=SUMPRODUCT((IFERROR(_xlfn._xlws.FILTER(INDEX(QR:QR,_xlfn.SEQUENCE(100,1,12,3)),INDEX(QR:QR,_xlfn.SEQUENCE(100,1,12,3))<>""),"")<>"")*1)} -> 0 | QS2: {=SUMPRODUCT((IFERROR(_xlfn._xlws.FILTER(INDEX(QS:QS,_xlfn.SEQUENCE(100,1,12,3)),INDEX(QS:QS,_xlfn.SEQUENCE(100,1,12,3))<>""),"")<>"")*1)} -> 0 | QT2: {=SUMPRODUCT((IFERROR(_xlfn._xlws.FILTER(INDEX(QT:QT,_xlfn.SEQUENCE(100,1,12,3)),INDEX(QT:QT,_xlfn.SEQUENCE(100,1,12,3))<>""),"")<>"")*1)} -> 0 | QU2: {=SUMPRODUCT((IFERROR(_xlfn._xlws.FILTER(INDEX(QU:QU,_xlfn.SEQUENCE(100,1,12,3)),INDEX(QU:QU,_xlfn.SEQUENCE(100,1,12,3))<>""),"")<>"")*1)} -> 0 | QV2: {=SUMPRODUCT((IFERROR(_xlfn._xlws.FILTER(INDEX(QV:QV,_xlfn.SEQUENCE(100,1,12,3)),INDEX(QV:QV,_xlfn.SEQUENCE(100,1,12,3))<>""),"")<>"")*1)} -> 0 | QW2: {=SUMPRODUCT((IFERROR(_xlfn._xlws.FILTER(INDEX(QW:QW,_xlfn.SEQUENCE(100,1,12,3)),INDEX(QW:QW,_xlfn.SEQUENCE(100,1,12,3))<>""),"")<>"")*1)} -> 0 | QX2: {=SUMPRODUCT((IFERROR(_xlfn._xlws.FILTER(INDEX(QX:QX,_xlfn.SEQUENCE(100,1,12,3)),INDEX(QX:QX,_xlfn.SEQUENCE(100,1,12,3))<>""),"")<>"")*1)} -> 0 | QY2: {=SUMPRODUCT((IFERROR(_xlfn._xlws.FILTER(INDEX(QY:QY,_xlfn.SEQUENCE(100,1,12,3)),INDEX(QY:QY,_xlfn.SEQUENCE(100,1,12,3))<>""),"")<>"")*1)} -> 0 | QZ2: {=SUMPRODUCT((IFERROR(_xlfn._xlws.FILTER(INDEX(QZ:QZ,_xlfn.SEQUENCE(100,1,12,3)),INDEX(QZ:QZ,_xlfn.SEQUENCE(100,1,12,3))<>""),"")<>"")*1)} -> 0 | RA2: {=SUMPRODUCT((IFERROR(_xlfn._xlws.FILTER(INDEX(RA:RA,_xlfn.SEQUENCE(100,1,12,3)),INDEX(RA:RA,_xlfn.SEQUENCE(100,1,12,3))<>""),"")<>"")*1)} -> 0 | RB2: {=SUMPRODUCT((IFERROR(_xlfn._xlws.FILTER(INDEX(RB:RB,_xlfn.SEQUENCE(100,1,12,3)),INDEX(RB:RB,_xlfn.SEQUENCE(100,1,12,3))<>""),"")<>"")*1)} -> 0 | RC2: {=SUMPRODUCT((IFERROR(_xlfn._xlws.FILTER(INDEX(RC:RC,_xlfn.SEQUENCE(100,1,12,3)),INDEX(RC:RC,_xlfn.SEQUENCE(100,1,12,3))<>""),"")<>"")*1)} -> 0 | RD2: {=SUMPRODUCT((IFERROR(_xlfn._xlws.FILTER(INDEX(RD:RD,_xlfn.SEQUENCE(100,1,12,3)),INDEX(RD:RD,_xlfn.SEQUENCE(100,1,12,3))<>""),"")<>"")*1)} -> 0 | RE2: {=SUMPRODUCT((IFERROR(_xlfn._xlws.FILTER(INDEX(RE:RE,_xlfn.SEQUENCE(100,1,12,3)),INDEX(RE:RE,_xlfn.SEQUENCE(100,1,12,3))<>""),"")<>"")*1)} -> 0 | RF2: {=SUMPRODUCT((IFERROR(_xlfn._xlws.FILTER(INDEX(RF:RF,_xlfn.SEQUENCE(100,1,12,3)),INDEX(RF:RF,_xlfn.SEQUENCE(100,1,12,3))<>""),"")<>"")*1)} -> 0 | RG2: {=SUMPRODUCT((IFERROR(_xlfn._xlws.FILTER(INDEX(RG:RG,_xlfn.SEQUENCE(100,1,12,3)),INDEX(RG:RG,_xlfn.SEQUENCE(100,1,12,3))<>""),"")<>"")*1)} -> 0 | RH2: {=SUMPRODUCT((IFERROR(_xlfn._xlws.FILTER(INDEX(RH:RH,_xlfn.SEQUENCE(100,1,12,3)),INDEX(RH:RH,_xlfn.SEQUENCE(100,1,12,3))<>""),"")<>"")*1)} -> 0 | RI2: {=SUMPRODUCT((IFERROR(_xlfn._xlws.FILTER(INDEX(RI:RI,_xlfn.SEQUENCE(100,1,12,3)),INDEX(RI:RI,_xlfn.SEQUENCE(100,1,12,3))<>""),"")<>"")*1)} -> 0 | RJ2: {=SUMPRODUCT((IFERROR(_xlfn._xlws.FILTER(INDEX(RJ:RJ,_xlfn.SEQUENCE(100,1,12,3)),INDEX(RJ:RJ,_xlfn.SEQUENCE(100,1,12,3))<>""),"")<>"")*1)} -> 0 | RK2: {=SUMPRODUCT((IFERROR(_xlfn._xlws.FILTER(INDEX(RK:RK,_xlfn.SEQUENCE(100,1,12,3)),INDEX(RK:RK,_xlfn.SEQUENCE(100,1,12,3))<>""),"")<>"")*1)} -> 0 | RL2: {=SUMPRODUCT((IFERROR(_xlfn._xlws.FILTER(INDEX(RL:RL,_xlfn.SEQUENCE(100,1,12,3)),INDEX(RL:RL,_xlfn.SEQUENCE(100,1,12,3))<>""),"")<>"")*1)} -> 0 | RM2: {=SUMPRODUCT((IFERROR(_xlfn._xlws.FILTER(INDEX(RM:RM,_xlfn.SEQUENCE(100,1,12,3)),INDEX(RM:RM,_xlfn.SEQUENCE(100,1,12,3))<>""),"")<>"")*1)} -> 0 | RN2: {=SUMPRODUCT((IFERROR(_xlfn._xlws.FILTER(INDEX(RN:RN,_xlfn.SEQUENCE(100,1,12,3)),INDEX(RN:RN,_xlfn.SEQUENCE(100,1,12,3))<>""),"")<>"")*1)} -> 0 | RO2: {=SUMPRODUCT((IFERROR(_xlfn._xlws.FILTER(INDEX(RO:RO,_xlfn.SEQUENCE(100,1,12,3)),INDEX(RO:RO,_xlfn.SEQUENCE(100,1,12,3))<>""),"")<>"")*1)} -> 0 | RP2: {=SUMPRODUCT((IFERROR(_xlfn._xlws.FILTER(INDEX(RP:RP,_xlfn.SEQUENCE(100,1,12,3)),INDEX(RP:RP,_xlfn.SEQUENCE(100,1,12,3))<>""),"")<>"")*1)} -> 0 | RQ2: {=SUMPRODUCT((IFERROR(_xlfn._xlws.FILTER(INDEX(RQ:RQ,_xlfn.SEQUENCE(100,1,12,3)),INDEX(RQ:RQ,_xlfn.SEQUENCE(100,1,12,3))<>""),"")<>"")*1)} -> 0 | RR2: {=SUMPRODUCT((IFERROR(_xlfn._xlws.FILTER(INDEX(RR:RR,_xlfn.SEQUENCE(100,1,12,3)),INDEX(RR:RR,_xlfn.SEQUENCE(100,1,12,3))<>""),"")<>"")*1)} -> 0 | RS2: {=SUMPRODUCT((IFERROR(_xlfn._xlws.FILTER(INDEX(RS:RS,_xlfn.SEQUENCE(100,1,12,3)),INDEX(RS:RS,_xlfn.SEQUENCE(100,1,12,3))<>""),"")<>"")*1)} -> 0 | RT2: {=SUMPRODUCT((IFERROR(_xlfn._xlws.FILTER(INDEX(RT:RT,_xlfn.SEQUENCE(100,1,12,3)),INDEX(RT:RT,_xlfn.SEQUENCE(100,1,12,3))<>""),"")<>"")*1)} -> 0 | RU2: {=SUMPRODUCT((IFERROR(_xlfn._xlws.FILTER(INDEX(RU:RU,_xlfn.SEQUENCE(100,1,12,3)),INDEX(RU:RU,_xlfn.SEQUENCE(100,1,12,3))<>""),"")<>"")*1)} -> 0 | RV2: {=SUMPRODUCT((IFERROR(_xlfn._xlws.FILTER(INDEX(RV:RV,_xlfn.SEQUENCE(100,1,12,3)),INDEX(RV:RV,_xlfn.SEQUENCE(100,1,12,3))<>""),"")<>"")*1)} -> 0 | RW2: {=SUMPRODUCT((IFERROR(_xlfn._xlws.FILTER(INDEX(RW:RW,_xlfn.SEQUENCE(100,1,12,3)),INDEX(RW:RW,_xlfn.SEQUENCE(100,1,12,3))<>""),"")<>"")*1)} -> 0 | RX2: {=SUMPRODUCT((IFERROR(_xlfn._xlws.FILTER(INDEX(RX:RX,_xlfn.SEQUENCE(100,1,12,3)),INDEX(RX:RX,_xlfn.SEQUENCE(100,1,12,3))<>""),"")<>"")*1)} -> 0 | RY2: {=SUMPRODUCT((IFERROR(_xlfn._xlws.FILTER(INDEX(RY:RY,_xlfn.SEQUENCE(100,1,12,3)),INDEX(RY:RY,_xlfn.SEQUENCE(100,1,12,3))<>""),"")<>"")*1)} -> 0 | RZ2: {=SUMPRODUCT((IFERROR(_xlfn._xlws.FILTER(INDEX(RZ:RZ,_xlfn.SEQUENCE(100,1,12,3)),INDEX(RZ:RZ,_xlfn.SEQUENCE(100,1,12,3))<>""),"")<>"")*1)} -> 0 | SA2: {=SUMPRODUCT((IFERROR(_xlfn._xlws.FILTER(INDEX(SA:SA,_xlfn.SEQUENCE(100,1,12,3)),INDEX(SA:SA,_xlfn.SEQUENCE(100,1,12,3))<>""),"")<>"")*1)} -> 0 | SB2: {=SUMPRODUCT((IFERROR(_xlfn._xlws.FILTER(INDEX(SB:SB,_xlfn.SEQUENCE(100,1,12,3)),INDEX(SB:SB,_xlfn.SEQUENCE(100,1,12,3))<>""),"")<>"")*1)} -> 0 | SC2: {=SUMPRODUCT((IFERROR(_xlfn._xlws.FILTER(INDEX(SC:SC,_xlfn.SEQUENCE(100,1,12,3)),INDEX(SC:SC,_xlfn.SEQUENCE(100,1,12,3))<>""),"")<>"")*1)} -> 0 | SD2: {=SUMPRODUCT((IFERROR(_xlfn._xlws.FILTER(INDEX(SD:SD,_xlfn.SEQUENCE(100,1,12,3)),INDEX(SD:SD,_xlfn.SEQUENCE(100,1,12,3))<>""),"")<>"")*1)} -> 0 | SE2: {=SUMPRODUCT((IFERROR(_xlfn._xlws.FILTER(INDEX(SE:SE,_xlfn.SEQUENCE(100,1,12,3)),INDEX(SE:SE,_xlfn.SEQUENCE(100,1,12,3))<>""),"")<>"")*1)} -> 0 | SF2: {=SUMPRODUCT((IFERROR(_xlfn._xlws.FILTER(INDEX(SF:SF,_xlfn.SEQUENCE(100,1,12,3)),INDEX(SF:SF,_xlfn.SEQUENCE(100,1,12,3))<>""),"")<>"")*1)} -> 0 | SG2: {=SUMPRODUCT((IFERROR(_xlfn._xlws.FILTER(INDEX(SG:SG,_xlfn.SEQUENCE(100,1,12,3)),INDEX(SG:SG,_xlfn.SEQUENCE(100,1,12,3))<>""),"")<>"")*1)} -> 0 | SH2: {=SUMPRODUCT((IFERROR(_xlfn._xlws.FILTER(INDEX(SH:SH,_xlfn.SEQUENCE(100,1,12,3)),INDEX(SH:SH,_xlfn.SEQUENCE(100,1,12,3))<>""),"")<>"")*1)} -> 0 | SI2: {=SUMPRODUCT((IFERROR(_xlfn._xlws.FILTER(INDEX(SI:SI,_xlfn.SEQUENCE(100,1,12,3)),INDEX(SI:SI,_xlfn.SEQUENCE(100,1,12,3))<>""),"")<>"")*1)} -> 0 | SJ2: {=SUMPRODUCT((IFERROR(_xlfn._xlws.FILTER(INDEX(SJ:SJ,_xlfn.SEQUENCE(100,1,12,3)),INDEX(SJ:SJ,_xlfn.SEQUENCE(100,1,12,3))<>""),"")<>"")*1)} -> 0 | SK2: {=SUMPRODUCT((IFERROR(_xlfn._xlws.FILTER(INDEX(SK:SK,_xlfn.SEQUENCE(100,1,12,3)),INDEX(SK:SK,_xlfn.SEQUENCE(100,1,12,3))<>""),"")<>"")*1)} -> 0 | SL2: {=SUMPRODUCT((IFERROR(_xlfn._xlws.FILTER(INDEX(SL:SL,_xlfn.SEQUENCE(100,1,12,3)),INDEX(SL:SL,_xlfn.SEQUENCE(100,1,12,3))<>""),"")<>"")*1)} -> 0 | SM2: {=SUMPRODUCT((IFERROR(_xlfn._xlws.FILTER(INDEX(SM:SM,_xlfn.SEQUENCE(100,1,12,3)),INDEX(SM:SM,_xlfn.SEQUENCE(100,1,12,3))<>""),"")<>"")*1)} -> 0 | SN2: {=SUMPRODUCT((IFERROR(_xlfn._xlws.FILTER(INDEX(SN:SN,_xlfn.SEQUENCE(100,1,12,3)),INDEX(SN:SN,_xlfn.SEQUENCE(100,1,12,3))<>""),"")<>"")*1)} -> 0 | SO2: {=SUMPRODUCT((IFERROR(_xlfn._xlws.FILTER(INDEX(SO:SO,_xlfn.SEQUENCE(100,1,12,3)),INDEX(SO:SO,_xlfn.SEQUENCE(100,1,12,3))<>""),"")<>"")*1)} -> 0 | SP2: {=SUMPRODUCT((IFERROR(_xlfn._xlws.FILTER(INDEX(SP:SP,_xlfn.SEQUENCE(100,1,12,3)),INDEX(SP:SP,_xlfn.SEQUENCE(100,1,12,3))<>""),"")<>"")*1)} -> 0 | SQ2: {=SUMPRODUCT((IFERROR(_xlfn._xlws.FILTER(INDEX(SQ:SQ,_xlfn.SEQUENCE(100,1,12,3)),INDEX(SQ:SQ,_xlfn.SEQUENCE(100,1,12,3))<>""),"")<>"")*1)} -> 0 | SR2: {=SUMPRODUCT((IFERROR(_xlfn._xlws.FILTER(INDEX(SR:SR,_xlfn.SEQUENCE(100,1,12,3)),INDEX(SR:SR,_xlfn.SEQUENCE(100,1,12,3))<>""),"")<>"")*1)} -> 0
